Brnd_Name,Tot_Drug_Cst,Tot_Clms,Cost_Per_Claim
Abacavir,1722704.240000001,9891,174.16886462440613
Abacavir-Lamivudine,3335926.709999997,11201,297.8240076778857
Abilify Asimtufii,21120698.339999992,3831,5513.103194988252
Abilify Maintena,512868771.22000027,187418,2736.4968744731045
Abiraterone Acetate,630725038.48,360226,1750.914810369046
Abrysvo,431001071.8000001,1501907,286.9692143388373
Acamprosate Calcium,1388363.2200000007,12512,110.96253356777498
Acarbose,3556527.5200000005,102012,34.863815237423054
Acebutolol Hcl,1398040.5899999999,27498,50.841537202705645
Acetaminophen-Codeine,26696161.269999985,1717843,15.540512881561344
Acetazolamide,4869622.97,109071,44.646358518763
Acetazolamide Er,2064760.3,43496,47.47011909141071
Acetic Acid,664180.1399999999,36704,18.09557922842197
Acetylcysteine,974565.2699999999,11549,84.3852515369296
Acitretin,6557561.150000001,24355,269.24907205912547
Actemra,90537533.94000009,25061,3612.686402777227
Actemra Actpen,180678929.52999997,44475,4062.4829573917923
Acthar,184342144.48000002,2740,67278.15491970803
Acyclovir,21643183.86999999,1277202,16.945779813999657
Adacel Tdap,11640237.519999994,196471,59.246593746659784
Adbry,25231418.930000003,6691,3770.9488761022276
Adderall,3229158.8899999983,5011,644.4140670524841
Adderall Xr,4910588.010000001,15721,312.35850200368935
Adefovir Dipivoxil,733323.19,1142,642.1393957968476
Adempas,652245459.9600005,47812,13641.877770434212
Adlarity,1306081.2100000002,2723,479.6478920308484
Admelog,2777395.7499999986,16538,167.94024368121893
Admelog Solostar,12834563.059999999,62526,205.26761763106546
Adrenalin,1657.8600000000001,109,15.209724770642204
Advair Diskus,18379674.509999983,76430,240.47722765929586
Advair Hfa,169696234.9300001,384727,441.0822087610178
Advocate Syringes,679445.5799999997,11667,58.23652867060939
Adzenys Xr-Odt,560577.5700000001,1026,546.3719005847954
Afrezza,18463405.109999992,9227,2001.0193031321114
Aimovig Autoinjector,236593818.2099999,272021,869.7630631826215
Ajovy Autoinjector,55602587.52999998,66422,837.1110103580136
Ajovy Syringe,10648890.75,13149,809.8631644992015
Albuterol Sulfate,6225164.420000005,214839,28.9759513868525
Albuterol Sulfate Hfa,523199102.06999964,17522895,29.858028714433296
Alclometasone Dipropionate,919010.8199999995,23811,38.596061484187956
Alcohol Pads,4795973.870000002,92636,51.77224696662207
Alcohol Prep Pads,10218901.59,424118,24.09447745674553
Alcohol Swab,27141.23,10911,2.487510768948767
Alcohol Swabs,342222.6700000002,68267,5.013002915024832
Alecensa,146304346.59000003,8686,16843.696360810503
Alendronate Sodium,71492261.62999998,8242626,8.67348119761833
Alfuzosin Hcl Er,18129026.720000006,838780,21.61356579794464
Aliskiren,1480241.8299999994,7112,208.1329907199099
Allopurinol,89801271.57000001,9025695,9.949513203138373
Alogliptin,6778033.949999998,43005,157.6103697244506
Alosetron Hcl,4560655.63,6434,708.8367469692259
Alphagan P,68696720.03999999,190430,360.74526093577686
Alprazolam,57763046.779999964,10948502,5.27588584995463
Alprazolam Er,990232.8900000006,30260,32.72415366820888
Alprazolam Xr,186973.6200000001,6747,27.712112049799927
Alvaiz,4737928.110000001,790,5997.377354430381
Alvesco,27413197.37999999,187569,146.14993618348444
Amantadine,17170902.11999999,392825,43.711327232228065
Ambien,3411230.8000000017,5214,654.2444955887997
Ambrisentan,163770894.45000002,53390,3067.445110507586
Amikacin Sulfate,498687.31999999966,7121,70.03051818564803
Amiloride Hcl,604202.0099999999,41322,14.621799767678231
Amiloride-Hydrochlorothiazide,162359.17000000007,5991,27.100512435319658
Amiodarone Hcl,60156316.69,2494203,24.118452543758465
Amitriptyline Hcl,42354190.36999999,2940108,14.405658013243048
Amjevita(Cf) Autoinjector,29773413.109999996,19586,1520.1375017869905
Amlodipine Besylate,310756194.4299997,49241894,6.310809133986595
Amlodipine Besylate-Benazepril,21645465.56000001,1206857,17.935402089891355
Amlodipine-Atorvastatin,3877680.690000002,26290,147.49641270445042
Amlodipine-Olmesartan,7979798.059999997,175829,45.383856246694215
Amlodipine-Valsartan,10929983.839999998,221068,49.44172761322307
Ammonium Lactate,22121385.579999994,1043565,21.197899105470185
Amoxapine,54886.77000000002,776,70.73037371134023
Amoxicillin,23992065.38,7967837,3.0111139798668067
Amoxicillin-Clavulanate Potass,54264219.57000002,5804015,9.349427865021028
Amphetamine Sulfate,53589.43,377,142.14702917771882
Ampicillin Sodium,2226243.1300000013,11955,186.21858051024685
Ampicillin Trihydrate,324635.3900000001,24094,13.473702581555576
Ampicillin-Sulbactam,1278155.1600000001,10860,117.69384530386742
Ampyra,22284946.78999999,4390,5076.297674259679
Amzeeq,26051.269999999997,53,491.53339622641505
Anagrelide Hcl,1869984.6300000001,13274,140.87574431218925
Anastrozole,28299505.69999999,1495012,18.929283310100516
Anoro Ellipta,600718387.1999997,1044751,574.9871377964698
Apidra Solostar,224503.66,1085,206.91581566820278
Aplenzin,9639514.700000003,2242,4299.515923282785
Aprepitant,4356727.789999999,6800,640.695263235294
Aptiom,110556377.94000001,68101,1623.4178343930341
Arcalyst,28486994.349999994,1240,22973.382540322575
Arexvy,736054032.7099999,2698120,272.8025561168517
Arformoterol Tartrate,2400773.9700000007,9915,242.13554916792745
Arikayce,113390033.97,7513,15092.510843870625
Aripiprazole,209437831.26999998,3338478,62.73452491524581
Aristada,188089683.4700001,63377,2967.7908936996087
Armodafinil,4605942.259999998,69345,66.42068296200155
Armour Thyroid,10009499.449999994,138987,72.01752286185034
Arnuity Ellipta,112256095.73000014,388728,288.7780034625757
Asenapine Maleate,10010858.239999998,39953,250.56587089830546
Asmanex,943159.8599999999,6075,155.25265185185182
Aspirin-Dipyridamole Er,3741452.9299999992,28958,129.20273948477103
Atazanavir Sulfate,2303162.5399999986,6510,353.78840860215035
Atenolol,45050074.400000006,5822138,7.737720129615616
Atenolol-Chlorthalidone,3396393.060000001,137550,24.692061504907315
Atomoxetine Hcl,17102028.20000001,183732,93.08138048897312
Atorvastatin Calcium,748890954.9399998,72474420,10.333176242597041
Atovaquone,21551393.17,44035,489.41508277506534
Atovaquone-Proguanil Hcl,2498671.769999998,37996,65.76144252026525
Atropine Sulfate,4845522.530000001,122865,39.43777747934726
Atrovent Hfa,36270716.64999997,69859,519.1989099471789
Aubagio,96646419.83000004,9680,9984.134279958682
Auryxia,95505404.01,53294,1792.047960558412
Austedo,797237769.9900001,121191,6578.3578812783135
Austedo Xr,411000867.34999967,57451,7153.937570277274
Autoshield Duo Pen Needle,25062247.560000025,260190,96.32287005649727
Auvelity,46376003.99000003,44742,1036.5205844620275
Avonex (4 Pack),83439780.89000002,9645,8651.09184966304
Avonex Pen (4 Pack),109572960.57999991,12714,8618.291692622299
Ayvakit,91089581.85,2291,39759.74764295067
Azathioprine,12567515.410000002,264726,47.473672438672445
Azelaic Acid,3237565.5399999977,32003,101.16443895884754
Azelastine Hcl,69390514.79999997,2670346,25.985589432979832
Azelastine-Fluticasone,7100349.140000002,57467,123.5552428350184
Azithromycin,37701212.86999999,7140410,5.2799787225103305
Azopt,6598589.09,14463,456.2393065062573
Bacitracin,156777.89000000007,1790,87.58541340782126
Bacitracin-Polymyxin,185995.58,14253,13.049574124745666
Baclofen,76097670.24,4472301,17.015328404774184
Balsalazide Disodium,9259955.4,56753,163.16239493947458
Baqsimi,7646847.29,15564,491.3163254947314
Basaglar Kwikpen U-100,466607267.19000024,1303212,358.0440229141538
Belbuca,143264167.47000006,191217,749.2229638055197
Belsomra,85924794.95999998,189941,452.37623767380387
Benazepril Hcl,16166576.990000006,1570778,10.292082643123347
Benazepril-Hydrochlorothiazide,2359984.79,77642,30.39572383503774
Benicar,2740484.370000001,6412,427.3993091079228
Benlysta,170650112.98999995,35996,4740.8076727969765
Benzonatate,1121129.370000001,82852,13.531711606237641
Benztropine Mesylate,21019049.499999993,1732441,12.132620677991339
Bepotastine Besilate,7315369.450000005,47626,153.6003328014111
Besivance,5605438.429999999,25245,222.04153020400074
Besremi,53116312.81999996,3517,15102.733244242241
Betamethasone Diprop Augmented,8548063.900000004,227503,37.57341177918535
Betamethasone Dipropionate,19142597.859999992,439518,43.553615233050735
Betamethasone Valerate,3911369.6499999994,123855,31.58023212627669
Betaxolol Hcl,878348.2300000003,11268,77.95067713880017
Bethanechol Chloride,7200692.870000001,130142,55.329508306311574
Betimol,649975.6400000005,2716,239.31356406480134
Betoptic S,672260.8299999998,1353,496.8668366592756
Bevespi Aerosphere,28994624.829999987,59678,485.8511483293674
Bexarotene,28793997.470000006,4597,6263.649656297587
Bicalutamide,4464347.64,140547,31.764090588913316
Biktarvy,3202748091.0900016,781030,4100.672305916548
Bimatoprost,4136134.4999999995,39584,104.49005911479385
Binosto,113703.22999999998,386,294.5679533678756
Bisoprolol Fumarate,19718388.630000003,728027,27.084694152826753
Bisoprolol-Hydrochlorothiazide,8687471.49,314711,27.604600697147543
Boostrix Tdap,79852211.57999997,1297505,61.54289315262752
Bosulif,132465478.91999996,8967,14772.552572766806
Botox,98448339.86999999,71233,1382.0608407620061
Breo Ellipta,1072696267.3600005,2102473,510.2069169782444
Breyna,53272600.20000003,260149,204.7772630300329
Breztri Aerosphere,912446611.2599999,1165471,782.8994554647862
Brilinta,435191222.5899996,688744,631.8620889474167
Brimonidine Tartrate,86919772.32,2234404,38.90065195013972
Brimonidine Tartrate-Timolol,67249415.77999999,423902,158.64378035489332
Brinzolamide,25607865.889999997,132159,193.76558456102117
Briviact,179183679.96999997,111759,1603.3042526328973
Brixadi,5508028.150000002,3713,1483.4441556692707
Bromfenac Sodium,18521129.49000001,109487,169.16281832546338
Bromocriptine Mesylate,2607318.21,15491,168.3118075011297
Bromsite,771657.6400000004,2832,272.4779802259888
Brukinsa,1460269189.5700004,110650,13197.191048983284
Budesonide,21502610.230000008,123448,174.18354473138493
Budesonide Dr,14214962.949999997,114069,124.61723123723358
Budesonide Ec,8007875.259999997,38793,206.4257793931894
Budesonide Er,15227070.370000008,10283,1480.8003860741037
Budesonide-Formoterol Fumarate,146929400.7800001,689412,213.12277822260143
Bumetanide,59856252.08000001,1824544,32.806143387060004
Buphenyl,1462101.48,48,30460.4475
Buprenorphine,96994771.33999997,391853,247.52846434759968
Buprenorphine Hcl,12795441.99,314000,40.74981525477707
Buprenorphine-Naloxone,185361587.60999998,1515129,122.34046580192181
Bupropion Hcl,7965980.309999995,370751,21.486065607375288
Bupropion Hcl Sr,31201527.65999999,1611679,19.359641504294583
Bupropion Xl,150259549.57000002,6148049,24.440200390400275
Buspirone Hcl,101452295.80000001,7170148,14.149261047331242
Butalbital-Acetaminophen,1387638.73,4794,289.4532186065916
Butalbital-Acetaminophen-Caffe,14972173.95,499540,29.97192206830284
Butalbital-Aspirin-Caffeine,733445.9999999997,13512,54.28108348134989
Butorphanol Tartrate,1438838.6999999995,16311,88.21278278462384
Butrans,5225326.970000004,12097,431.9522997437385
Bydureon Bcise,89277848.66,85420,1045.1632950128776
Bystolic,3203443.5500000035,12089,264.9882992803378
Cabenuva,150114550.4600001,23995,6256.076285059391
Cabergoline,3563748.280000004,47785,74.57880673851635
Cabometyx,768109744.5699999,32377,23723.931944590295
Calcipotriene,12750950.96,79150,161.09855919140873
Calcitonin-Salmon,5268149.8199999975,63127,83.45319467105989
Calcitriol,18945879.44,1036413,18.280241023607385
Calcium Acetate,20912351.219999976,282992,73.89732296319322
Calquence,1431883113.52,103086,13890.180174999516
Camzyos,258993170.36999997,31927,8112.042170263413
Candesartan Cilexetil,21336052.42000001,267194,79.8522886741469
Candesartan-Hydrochlorothiazid,6298573.239999997,50627,124.41134651470554
Caplyta,187972064.6199999,113807,1651.6740149551424
Captopril,940191.11,17957,52.357916689870244
Carbamazepine,25041835.04,500893,49.994380117110836
Carbamazepine Er,34759066.039999984,322998,107.61387389395595
Carbatrol,1151793.4599999993,5558,207.23164087801354
Carbidopa,3878441.42,12367,313.61214684240315
Carbidopa-Levodopa,82362833.72000001,2623694,31.391935843128053
Carbidopa-Levodopa Er,24124104.469999988,487284,49.50727803498573
Carbidopa-Levodopa-Entacapone,7080626.779999999,32390,218.60533436245754
Carisoprodol,2680212.1500000013,234569,11.426114064518336
Carteolol Hcl,239696.8200000001,10660,22.485630393996257
Cartia Xt,1509567.2700000003,58212,25.93223510616368
Carvedilol,128765378.37000006,14918212,8.631421672382727
Carvedilol Er,6159196.910000002,22213,277.27893170665834
Caspofungin Acetate,862223.1399999999,2938,293.47281824370316
Cefadroxil,4717645.909999999,379209,12.440754069655517
Cefazolin Sodium,2464581.2900000005,47652,51.720416561739285
Cefdinir,25171135.839999985,1646124,15.291154153636047
Cefepime Hcl,10149307.170000007,55332,183.4256338104534
Cefpodoxime Proxetil,10241742.850000013,227615,44.99590470751055
Cefprozil,428428.07,15862,27.009713150926743
Ceftazidime,663669.2899999998,5564,119.2791678648454
Ceftriaxone,15100031.510000002,242730,62.20916866477156
Cefuroxime,11602000.880000003,780011,14.87415033890548
Celecoxib,142865772.74,4990883,28.625350011210443
Cephalexin,43365699.22000001,5743487,7.550413053951374
Cequa,52919059.54999998,63832,829.0365263504195
Cequr Simplicity,3412991.7,6094,560.0577125041025
Cevimeline Hcl,8648312.819999997,55008,157.21918302792315
Chlordiazepoxide Hcl,518882.7100000001,54796,9.469353784947808
Chlorhexidine Gluconate,10497230.15,2050701,5.118849676281428
Chlorpromazine Hcl,39773330.13999999,174886,227.42432293036603
Chlorthalidone,36461011.150000006,2246394,16.230906577385802
Chlorzoxazone,11672605.300000004,34442,338.9061407583765
Cholestyramine,18157083.05000001,235448,77.11716833440933
Cholestyramine Light,3552988.769999999,42602,83.39957678043282
Cibinqo,6712368.940000002,1143,5872.588748906389
Ciclopirox,28577282.17000001,1017800,28.077502623305175
Cilostazol,10870371.460000003,527294,20.615390010127182
Cimetidine,2055078.2199999997,42352,48.52375850018889
Cimzia (2 Pack),173433669.59999996,26688,6498.563758992805
Cinacalcet Hcl,55956969.360000014,200538,279.034244681806
Cinqair,644235.8,167,3857.699401197605
Ciprofloxacin Hcl,22704646.300000004,3361888,6.753540361844299
Ciprofloxacin-Dexamethasone,12022292.840000005,106245,113.15631643842069
Citalopram Hbr,43634850.10000002,6060966,7.1993226987249255
Clarithromycin,1350592.0799999994,51275,26.340167333008278
Clenpiq,22885975.81,134304,170.404275449726
Clindamycin Hcl,7725046.329999994,1069311,7.224321390128778
Clindamycin Phosphate,16132766.42999999,439144,36.73684811815712
Clindamycin-Benzoyl Peroxide,246147.03000000006,2657,92.64095972901771
Clobazam,18469756.330000017,143165,129.01027716271446
Clobetasol Emollient,1527904.5000000007,12844,118.95861881033952
Clobetasol Propionate,97691421.02000001,2068536,47.227324552243715
Clomipramine Hcl,8318271.560000003,78376,106.13289221190165
Clonazepam,66471294.63999993,8257868,8.049449887065274
Clonidine,29921514.389999986,258039,115.95733354260398
Clonidine Hcl,17468318.12000001,2717853,6.42724905283693
Clopidogrel,144624331.52000007,12678351,11.407187852742053
Clorazepate Dipotassium,5619128.949999999,66221,84.85418447320335
Clotrimazole,11690358.230000002,502509,23.263977819302742
Clotrimazole-Betamethasone,26757495.239999995,1206036,22.18631553286966
Clozapine,73673819.60999998,1071406,68.76368025753074
Clozapine Odt,13564532.350000001,30163,449.7076666777178
Colchicine,43174415.16999997,813324,53.08390649974668
Colesevelam Hcl,18258651.540000003,124832,146.26579354652657
Colestipol Hcl,26877102.839999977,351370,76.49230964510339
Combigan,131483894.55999997,374658,350.9437795536195
Combipatch,580311.0700000001,2133,272.0633239568683
Combivent Respimat,189647792.26999992,315663,600.79195936806
Comfort Ez Insulin Syringe,330556.75999999983,5370,61.556193668528834
Comfort Ez Pen Needle,9806461.109999998,100600,97.47973270377732
Comfort Ez Pro Safety Pen Ndl,324086.45000000007,2182,148.52724564619618
Compro,133684.58999999997,1402,95.35277460770325
Concerta,3750223.5100000016,7289,514.5045287419401
Constulose,1841513.0399999998,76367,24.113989550460275
Copaxone,199193712.68,32073,6210.635508995105
Copiktra,10012525.55,287,34886.84860627178
Cordran,545202.7199999999,473,1152.6484566596191
Corlanor,13855911.569999991,21117,656.1496221054123
Cortrophin,66163554.32999998,1099,60203.416132848026
Cosentyx (2 Syringes),37319674.02999998,4976,7499.934491559481
Cosentyx Sensoready (2 Pens),584651340.61,76897,7603.0448601375865
Cosentyx Sensoready Pen,136355471.06000012,15216,8961.321704784445
Cosentyx Syringe,10410786.78,1209,8611.072605459056
Cosentyx Unoready Pen,202546385.17000008,20904,9689.360178434754
Cosopt Pf,1567385.84,5201,301.3623995385503
Creon,1014341252.19,521133,1946.4153146893404
Cresemba,54739463.09999996,8617,6352.496588139718
Crestor,4602378.26,12481,368.7507619581764
Crexont,1065002.5199999998,1255,848.6075856573704
Cromolyn Sodium,4381892.010000001,47734,91.7981315205095
Crysvita,45165663.04999999,1753,25764.782116371927
Cuvitru,35567067.260000005,5261,6760.514590382058
Cyanocobalamin Injection,1967552.3600000008,153266,12.837500554591369
Cyclobenzaprine Hcl,54416088.87999999,6279337,8.665897192649476
Cyclobenzaprine Hcl Er,835813.5300000003,2224,375.81543615107927
Cyclophosphamide,677527.5199999999,1519,446.0352337063857
Cycloset,935158.87,1275,733.4579372549019
Cyclosporine,235608222.34000015,578950,406.9578069608777
Cyclosporine Modified,3206593.3800000018,22119,144.97008815950096
Cymbalta,2826128.8300000005,7013,402.9842906031656
Cyproheptadine Hcl,2448426.870000001,130958,18.696275676170995
Cytomel,52529.550000000025,1495,35.13682274247493
Dabigatran Etexilate,32246926.83000002,139041,231.92387015340813
Dalfampridine Er,39340644.89000002,92058,427.34629135979515
Dalvance,7664560.650000001,1630,4702.184447852762
Danazol,392873.8100000001,1824,215.39134320175444
Dantrolene Sodium,1811872.55,25299,71.61834657496344
Dapagliflozin,77982362.44000001,163969,475.5921085083157
Dapagliflozin-Metformin Er,2018055.9,4577,440.91236617871965
Dapsone,2409421.570000001,37122,64.90548919778033
Daptomycin,84040842.14000005,108740,772.8604206363808
Darifenacin Er,1802211.0499999996,14624,123.23653241247261
Darunavir,33433184.119999994,39178,853.3662800551328
Dayvigo,8970493.390000002,26294,341.161230318704
Deferasirox,14302468.620000005,9252,1545.8785797665375
Deferoxamine Mesylate,54730.76,297,184.27865319865322
Demeclocycline Hcl,2075995.8900000004,4798,432.6794268445186
Denta 5000 Plus,104900.64000000004,11798,8.89139176131548
Dentagel,39516.25999999997,4604,8.583027801911376
Depakote,4351859.54,7809,557.2876860033294
Depakote Er,3627741.2699999996,6154,589.4932190445238
Descovy,466486128.4699997,206851,2255.179469618226
Desipramine Hcl,961137.6799999999,21508,44.687450251069365
Desloratadine,2452903.9900000026,68814,35.64542084459561
Desmopressin Acetate,8770060.710000005,121568,72.14119431100293
Desonide,4651533.000000002,85914,54.14173475801385
Desoximetasone,930394.4299999999,10395,89.50403367003366
Desvenlafaxine Er,230666.65000000002,1675,137.71143283582091
Desvenlafaxine Succinate Er,39534968.38999997,670319,58.9793343020263
Dexamethasone,12499399.11000001,1016528,12.296168044559531
Dexamethasone Sodium Phosphate,1676565.0700000003,54356,30.844158326587685
Dexilant,13877227.200000003,39802,348.6565298226221
Dexlansoprazole Dr,131512544.66999997,532098,247.15850213682435
Dexmethylphenidate Hcl Er,1840772.8500000006,18391,100.09096025229735
Dextroamphetamine Sulfate,2093605.4999999995,25528,82.01212394233781
Dextroamphetamine Sulfate Er,2012366.4100000001,16992,118.43022657721282
Dextroamphetamine-Amphet Er,25675416.850000005,478462,53.66239502823632
Dextroamphetamine-Amphetamine,42641473.139999986,1438899,29.63479239335074
Dextrose 5%-0.45% Nacl,251139.32000000012,10539,23.82952082740299
Diazepam,14336323.74,2227596,6.435782673339331
Diclofenac Epolamine,104225367.56000002,155459,670.4363694607582
Diclofenac Potassium,56173362.150000036,241241,232.85163861035244
Diclofenac Sodium,312639247.04000014,5785829,54.03534170124975
Diclofenac Sodium Er,7304921.500000001,139006,52.551123692502486
Diclofenac Sodium-Misoprostol,1088157.9400000004,9238,117.79150681965798
Dicloxacillin Sodium,197096.31,4900,40.22373673469388
Dicyclomine Hcl,30979693.810000006,1667748,18.575764330102633
Diflorasone Diacetate,14935802.119999997,23090,646.8515426591597
Difluprednate,10072258.320000006,94378,106.7225234694527
Digoxin,26361323.569999993,1147802,22.966786579915347
Dilantin,11553602.45,64490,179.1533951000155
Dilt-Xr,4672019.599999997,145993,32.001668573150745
Diltiazem 12hr Er,7082823.109999996,51133,138.51765220112247
Diltiazem 24hr Er,8156473.209999997,295244,27.626211574155604
Diltiazem 24hr Er (Cd),83975117.48999996,2987072,28.112853486625017
Diltiazem 24hr Er (La),4259665.290000001,69344,61.42802967812646
Diltiazem 24hr Er (Xr),1839507.7400000007,56819,32.37487002587164
Diltiazem Hcl,8658779.65999999,373485,23.18374140862415
Dimethyl Fumarate,45290208.09000001,44375,1020.6244076619721
Diovan,2423391.099999999,5058,479.1204230921311
Diovan Hct,475260.3199999998,1159,410.0606729939601
Dipentum,1055735.8699999999,660,1599.5998030303028
Diphenhydramine Hcl,937687.1100000002,35464,26.440534344687578
Diphenoxylate-Atropine,8071940.059999993,372676,21.659404039970358
Disopyramide Phosphate,655381.7699999999,3307,198.18015421832473
Disulfiram,254780.71999999997,3123,81.58204290746076
Divalproex Sodium,115545804.11000001,3074053,37.58744696659427
Divalproex Sodium Er,69456049.21999997,1327405,52.324685548118296
Divigel,107446.40999999999,537,200.08642458100556
Dofetilide,50202264.69999999,254110,197.56115343748766
Donepezil Hcl,91352021.35000005,7492355,12.192697936763548
Donepezil Hcl Odt,474080.1499999997,16638,28.49381836759224
Doptelet,73525157.74000001,5314,13836.123022205496
Dorzolamide Hcl,18254086.490000006,902858,20.218114576157053
Dorzolamide-Timolol,65802138.11000005,2851292,23.078007482222112
Dotti,4325142.019999999,43815,98.71372863174709
Dovato,485647727.91999996,159927,3036.6837864775803
Doxazosin Mesylate,26551604.999999993,1646230,16.12873353055162
Doxepin Hcl,41965368.37000003,869648,48.255579694313134
Doxycycline Hyclate,64637491.399999976,5222293,12.37722421932281
Doxycycline Ir-Dr,3082054.2,4313,714.5963830280548
Doxycycline Monohydrate,19932455.35000001,1297494,15.36227169451266
Droplet Insulin Syringe,159960.90999999995,3004,53.24930426098533
Droplet Pen Needle,11433063.44,154132,74.1770913243194
Dropsafe Pen Needle,1108820.03,14913,74.35258029906792
Dropsafe Prep Pads,427116.83999999997,139325,3.0656152162210657
Drospirenone-Ethinyl Estradiol,68076.54999999999,2492,27.318037720706254
Droxidopa,29165713.829999987,21239,1373.2150209520216
Dulera,72003667.91000003,172439,417.5602265728752
Duloxetine Hcl,289848620.86999995,12290671,23.582815036705476
Dupixent Pen,1547122325.0599997,390688,3959.9944842431805
Dupixent Syringe,520797863.5999996,131665,3955.4768814795093
Durezol,139000.68,457,304.1590371991247
Dutasteride,21169822.44,671556,31.52354001751157
Dutasteride-Tamsulosin,2504806.1700000004,16222,154.40797497225992
Dysport,1850962.6300000004,1106,1673.564764918626
Easy Comfort Pen Needle,991767.0199999997,9420,105.2831231422505
Easy Comfort Pen Needles,744444.1100000008,7641,97.4275762334774
Easy Touch Alcohol Prep Pads,448029.1900000002,111526,4.01726225274824
Easy Touch Pen Needle,949427.6499999998,18925,50.16790752972258
Econazole Nitrate,2702742.0000000005,80295,33.660153185129836
Edarbi,17014991.510000013,44717,380.5038689983678
Edarbyclor,11523018.81,32711,352.2673965944178
Edurant,16374178.64,10743,1524.171892395048
Efavirenz,1961540.5999999994,6336,309.5865845959595
Efavirenz-Emtric-Tenofov Disop,10115651.010000002,15543,650.817153059255
Effexor Xr,5145006.409999999,5959,863.4009749958045
Eletriptan Hbr,2258762.200000001,26921,83.90335425875715
Eliquis,19876304796.019997,22996543,864.3170756587195
Elmiron,19391554.379999995,19029,1019.05272899259
Emflaza,11048343.529999997,789,14002.97025348542
Emgality Pen,207408706.03999993,253324,818.7487409009802
Emgality Syringe,20969293.33,21039,996.6867878701458
Emtricitabine,758481.78,2385,318.0217106918239
Emtricitabine-Tenofovir Disop,7144074.33,30721,232.5469330425442
Enalapril Maleate,24774493.279999994,1439191,17.21418024431781
Enbrel,474565055.6800003,62155,7635.1871238034
Enbrel Sureclick,2147340743.1099994,273819,7842.190436419676
Endocet,648608.9900000001,24455,26.522551216520142
Enoxaparin Sodium,27798853.909999985,210137,132.28919186054804
Entacapone,14048891.269999994,92140,152.47331528109393
Entecavir,15433583.929999981,81252,189.9471265938067
Entresto,3480046730.0299993,3384891,1028.111903759973
Entyvio,55618893.07999997,6422,8660.680952974146
Enulose,3496729.01,142653,24.512130905063334
Envarsus Xr,11012408.489999995,13324,826.5091931852293
Epclusa,265475049.62999994,11126,23860.781020133018
Epidiolex,179075448.97999996,37883,4727.066203310191
Epinastine Hcl,741074.6900000006,10292,72.00492518460946
Epinephrine,28408058.33,138992,204.38628359905604
Eplerenone,13406305.830000002,172430,77.74926538305401
Epogen,3079424.350000002,7151,430.62849251852913
Ergotamine-Caffeine,1672555.3900000001,3737,447.56633395772013
Erleada,1166878397.0199997,80841,14434.240014596551
Erlotinib Hcl,2819793.200000001,2884,977.7368932038839
Ertaczo,3989051.8099999996,3222,1238.066980136561
Ertapenem,42591572.82999999,103253,412.49719456093277
Erythromycin,15203976.389999999,962842,15.790728271097437
Erythromycin-Benzoyl Peroxide,107489.75000000003,1062,101.21445386064033
Escitalopram Oxalate,132840992.89000002,11933148,11.132099668084232
Esomeprazole Magnesium,94768808.21000002,2298215,41.23583224807079
Estazolam,3224731.5399999972,55862,57.7267469836382
Estrace,126450.10000000003,511,247.4561643835617
Estradiol,184501746.29999995,3429232,53.80264336154566
Estradiol (Once Weekly),5676140.15,77493,73.24713393467798
Estradiol (Twice Weekly),15515456.719999995,167781,92.4744561064721
Estradiol Valerate,610202.8300000002,4783,127.57742630148446
Estradiol-Norethindrone Acetat,1340228.149999999,16877,79.41151567221657
Estring,18858996.819999997,34179,551.7714625939903
Eszopiclone,11311071.640000002,551403,20.513257345353583
Ethambutol Hcl,2465214.07,50246,49.062891971500214
Etodolac,4433204.419999999,142893,31.024643754417635
Etravirine,16255733.96,15631,1039.9676258716654
Euthyrox,84857.84,12811,6.623826399188197
Evenity (2 Syringes),63194910.580000006,25446,2483.490944745736
Everolimus,73014847.37999995,22867,3193.0225818865592
Evista,109013.83000000002,538,202.627936802974
Evotaz,6650131.679999999,4146,1603.9873806078144
Exemestane,24343089.11000001,165038,147.49990371914353
Eysuvis,7307603.700000001,14398,507.54297124600646
Ezetimibe,193409961.53000015,8111106,23.84507877594007
Ezetimibe-Simvastatin,6812535.429999999,84069,81.03504775838893
Famciclovir,1640116.0799999996,31263,52.46189041358794
Famotidine,167574992.7600001,13017113,12.87343766317463
Fanapt,61897227.76999999,31502,1964.866604342581
Farxiga,4661889792.390001,5036718,925.580862853549
Fasenra Pen,127479151.91,22458,5676.3359119244815
Febuxostat,15582387.430000009,161102,96.72373670097211
Felbamate,5078689.820000001,16052,316.38984674806886
Felodipine Er,3865709.33,142297,27.166485098069533
Fenofibrate,88649362.02000003,3277515,27.047736477178603
Fenofibric Acid,2757879.180000001,58496,47.14645753555801
Fentanyl,75243166.40999998,657037,114.5189181278984
Fesoterodine Fumarate Er,8051003.759999999,84595,95.17115385070038
Fetzima,11796211.280000001,21714,543.2537201805287
Fiasp,26892273.940000013,35802,751.138873247305
Fiasp Flextouch,176219384.02,230995,762.8709886361177
Finasteride,87834826.89999995,6706669,13.096639613495157
Fingolimod,37043255.31,19531,1896.6389488505454
Flarex,1599174.6199999999,11982,133.46474878985143
Flecainide Acetate,43373927.03999998,1045744,41.47662051132971
Fluconazole,24189259.37,2308150,10.479933873448433
Fludrocortisone Acetate,5552143.510000002,252735,21.96824147822819
Flunisolide,684289.1000000001,13261,51.60162129552825
Fluocinolone Acetonide,4615539.809999999,90262,51.13491624382352
Fluocinolone Acetonide Oil,4977091.569999997,114285,43.54982342389637
Fluocinonide,22299089.819999974,506150,44.05628730613449
Fluocinonide-E,415141.81999999995,4653,89.22024930152588
Fluoridex,430767.5399999998,18387,23.427831620166412
Fluorometholone,24615678.360000003,314104,78.36792387234802
Fluorouracil,38868625.71999999,586754,66.24347805042657
Fluoxetine Hcl,73603491.67999998,6768814,10.873912576117467
Fluphenazine Decanoate,5484502.370000007,54161,101.26294510810374
Fluphenazine Hcl,20598230.54,165705,124.30663250958027
Flurbiprofen Sodium,571999.1900000003,14833,38.562609721566794
Fluticasone Propionate,178938107.16999996,12032167,14.871644249119877
Fluticasone Propionate Hfa,27346713.240000006,95298,286.95999118554437
Fluticasone-Salmeterol,309993198.5000002,1991497,155.65838085621027
Fluticasone-Vilanterol,15620365.0,41862,373.1394821078783
Fluvastatin Sodium,513469.4199999999,4144,123.9067133204633
Fluvoxamine Maleate,11393527.359999994,289421,39.366622878091064
Fluvoxamine Maleate Er,1906045.2600000002,6703,284.35704311502315
Fml Forte,87057.49999999999,360,241.82638888888886
Folic Acid,4341230.139999999,699956,6.202147192109217
Formoterol Fumarate,2537464.73,5869,432.3504395978872
Forteo,177052299.94,47277,3744.9986238551514
Fosfomycin Tromethamine,8121242.690000001,42163,192.61539003391601
Fosinopril Sodium,974997.8499999999,57128,17.066899768939923
Fosrenol,1115967.2299999997,847,1317.552809917355
Fotivda,43958403.54999999,1527,28787.42865094957
Frovatriptan Succinate,573485.43,2433,235.71123304562272
Furosemide,114973037.10999992,22499877,5.109940694786906
Fycompa,58814268.86999996,47067,1249.5860979029885
Gabapentin,528832519.00999993,35518601,14.888889317740864
Gabapentin Er,666687.77,1799,370.5879766536965
Gablofen,57854.770000000004,53,1091.5994339622641
Galantamine Er,8680900.209999997,98035,88.54898974855917
Galantamine Hbr,6279450.750000001,91129,68.90727156009613
Gammagard Liquid,499734386.9000001,48481,10307.839914605724
Gammaked,226966042.22000003,17207,13190.331970709596
Gammaplex,250984684.05999997,17109,14669.745985154012
Gamunex-C,459436646.6399996,56913,8072.613403616039
Gardasil 9,1673759.0300000005,6188,270.4846525533291
Gatifloxacin,1103395.68,24318,45.37361954108068
Gattex,242418617.49999994,4885,49625.10081883315
Gavilyte-C,6515777.220000003,333760,19.522343060882083
Gavilyte-G,9961409.820000006,643346,15.483751853590457
Gavilyte-N,134280.16999999998,8462,15.868609075868587
Gefitinib,1038219.2199999997,297,3495.6876094276085
Gemfibrozil,7509662.470000001,429507,17.484377367539995
Gemtesa,811538651.5900002,1195468,678.8459846604009
Gengraf,205060.97000000006,1489,137.71723975822704
Genotropin,17575286.07,7856,2237.1799987270874
Gentamicin Sulfate,7849736.490000001,234754,33.438137326733525
Genvoya,466011898.7900001,112011,4160.4119130264
Glatiramer Acetate,53546949.78000001,25146,2129.44204963016
Glatopa,44452790.73000004,19373,2294.574445362104
Gleostine,1267855.3900000001,1213,1045.2229101401485
Glimepiride,37046460.709999986,4104456,9.025912498513806
Glipizide,37869374.65000001,3946935,9.594628401531825
Glipizide Er,39773505.77000001,2747475,14.47638496073668
Glipizide-Metformin,6126322.089999997,120960,50.6475040509259
Glucagon Emergency Kit,6414478.399999998,22639,283.3375325765271
Glyburide,738002.8000000005,57693,12.791895030592976
Glyburide-Metformin Hcl,171703.68999999992,10775,15.935377262180966
Glycopyrrolate,5783790.250000001,133809,43.224224454259435
Glydo,78836.77,2445,32.24407770961145
Glyxambi,77173754.48999992,85355,904.1503660008192
Gocovri,81909101.1,25803,3174.402243925125
Golytely,23972.54,873,27.45995418098511
Granix,1904432.0299999998,2926,650.8653554340395
Griseofulvin Ultramicrosize,215230.13000000003,1023,210.39113391984364
Guanfacine Hcl,2043081.5200000007,59926,34.09340720221608
Guanfacine Hcl Er,2731880.5500000003,80073,34.117374770521906
Gvoke Hypopen 1-Pack,3449905.9399999985,7902,436.58642622120965
Gvoke Hypopen 2-Pack,24105215.31999999,36563,659.2789245959027
Gvoke Pfs 1-Pack Syringe,488551.42000000004,1217,401.4391290057519
Haegarda,62509636.61999998,1749,35740.21533447683
Halobetasol Propionate,7684538.66,113384,67.77445371480985
Haloperidol,22727570.84000002,766454,29.652883069303595
Haloperidol Decanoate,12906890.629999997,264890,48.725473328551466
Haloperidol Decanoate 100,85159.12999999998,1656,51.42459541062801
Haloperidol Lactate,790064.9900000003,31461,25.112519945329147
Havrix,3736244.410000001,40322,92.66019567481774
Heparin Sodium,1595905.099999999,30054,53.10125440873092
Heplisav-B,425701.63999999996,2727,156.10621195452876
Hizentra,166955402.5400001,21153,7892.752921098668
Humalog,66882868.58000002,330284,202.501085671725
Humalog Junior Kwikpen,367054.8900000002,2572,142.71185458786942
Humalog Kwikpen U-100,234056963.40000007,946211,247.36233609628303
Humalog Kwikpen U-200,112438183.59000003,69162,1625.7219801335998
Humalog Mix 75-25,4884934.900000003,22714,215.06273223562573
Humalog Mix 75-25 Kwikpen,23898504.13000002,73436,325.4330863609132
Humalog Tempo Pen U-100,13890.69,83,167.3577108433735
Humira,108384320.26999998,13983,7751.149271973109
Humira Pen,469745865.4100001,59338,7916.4425058141505
Humira(Cf),254685325.3399998,30728,8288.379502082784
Humira(Cf) Pen,3795159532.4000006,437072,8683.144956437385
Humulin 70-30,16469576.040000008,132006,124.76384437071049
Humulin 70/30 Kwikpen,16912075.19000001,74037,228.42734295014668
Humulin N,28430005.650000006,198573,143.171557311417
Humulin N Kwikpen,15736045.790000001,90527,173.82709898704255
Humulin R,10840380.83,115557,93.80981532923147
Humulin R U-500,24004476.42,12331,1946.6771891979565
Humulin R U-500 Kwikpen,159009776.56,90539,1756.2572654878009
Hydralazine Hcl,72299394.52999999,5299074,13.643778994216722
Hydrochlorothiazide,78309967.52999994,17758779,4.409648181893583
Hydrocodone-Acetaminophen,377112532.63000005,19057273,19.788378569693577
Hydrocortisone,31679603.590000007,1807341,17.52829354836747
Hydrocortisone Valerate,413265.6900000001,6628,62.35149215449609
Hydrocortisone-Acetic Acid,336675.76999999996,3232,104.16948329207919
Hydromorphone Er,2621009.750000001,8413,311.5428206347321
Hydromorphone Hcl,10565441.440000001,526017,20.085741411399255
Hydroxychloroquine Sulfate,85843988.15000005,2223753,38.60320285121596
Hydroxyurea,10634967.390000006,432874,24.5682748097599
Hydroxyzine Hcl,60026408.779999994,3722990,16.12317217612725
Hydroxyzine Pamoate,13989003.89,1156872,12.092093066475808
Hyoscyamine Sulfate,77953.17,2965,26.291119730185496
Hysingla Er,12163854.499999996,19787,614.7397028351946
Ibandronate Sodium,16375672.879999986,570311,28.71358413216646
Ibrance,1720573794.9899988,111354,15451.387422005486
Ibsrela,39543577.579999976,19736,2003.6267521280895
Ibu,591548.7700000001,130044,4.548835547968381
Ibuprofen,43060211.47000002,5845630,7.366222540598708
Ibuprofen-Famotidine,1220151.3399999999,4574,266.7580542195015
Icosapent Ethyl,86774265.84999996,365766,237.23983598803596
Idhifa,83547460.13000003,2492,33526.26810995186
Ilevro,10397008.48,26885,386.7215354286777
Imatinib Mesylate,119699349.03000002,96117,1245.3504482037517
Imbruvica,1965538196.6599994,127477,15418.767280842814
Imipramine Hcl,1594042.5100000007,88717,17.967723322474843
Imiquimod,3989573.4499999983,130683,30.528633793224813
Imitrex,1400451.0899999999,802,1746.198366583541
Inbrija,16071941.779999988,5054,3180.0438820736026
Incontrol Pen Needle,299457.8100000001,5944,50.37984690444147
Incruse Ellipta,237223272.63999993,570145,416.0753363442632
Indapamide,2649578.3600000013,196204,13.504201545330377
Indomethacin,658505.0500000002,53507,12.306895359485678
Indomethacin Er,67205.13000000003,2341,28.707872703972676
Inflectra,14214319.189999998,2531,5616.088182536546
Infliximab,771839.4400000002,307,2514.1349837133557
Ingrezza,1470001391.8299994,195113,7534.102760092866
Inlyta,240932040.9300001,13853,17392.047998989394
Inqovi,44439369.119999975,5666,7843.164334627599
Insulin Aspart,3236539.000000002,24191,133.79103798933497
Insulin Aspart Flexpen,18823940.620000005,144089,130.64106642422394
Insulin Aspart Prot Mix 70-30,2061216.9099999997,11348,181.63702062037362
Insulin Degludec Pen (U-100),1166559.5999999999,9412,123.9438589035274
Insulin Degludec Pen (U-200),1583120.9399999995,7186,220.3062816587809
Insulin Glargine Solostar,693738.4400000002,4604,150.68167680278023
Insulin Glargine-Yfgn,23754749.369999994,290559,81.75533839943004
Insulin Lispro,9836284.220000006,163600,60.12398667481666
Insulin Lispro Kwikpen U-100,94048494.58000012,525043,179.12531845963116
Insulin Lispro Protamine Mix,4645711.44,17969,258.5403439256498
Insulin Syringe,6005033.149999999,159598,37.62599249364027
Intrarosa,1136666.8899999997,3384,335.89447104018905
Invega,984368.4300000004,2101,468.52376487386977
Invega Sustenna,1665583551.7999995,551596,3019.5714831144523
Invega Trinza,273393206.46999997,31269,8743.26670088586
Invokana,98621209.55999999,116409,847.1957456897661
Ipol,399266.68999999994,6998,57.05439982852243
Ipratropium Bromide,50454461.530000016,1663184,30.336067163945792
Ipratropium-Albuterol,15950587.87999999,563478,28.307383571319537
Irbesartan,43346410.45999999,2022834,21.42855541285147
Irbesartan-Hydrochlorothiazide,8097000.079999998,323500,25.029366553323023
Isentress,87848433.82999995,42641,2060.186999132289
Isentress Hd,16508003.760000002,8168,2021.0582468168463
Isoniazid,115391.50000000001,13155,8.771683770429496
Isosorbide Dinit-Hydralazine,1458502.0499999998,9034,161.44587668806727
Isosorbide Dinitrate,13686299.370000005,283057,48.35174318246857
Isosorbide Mononitrate,761097.5400000007,32107,23.70503441617095
Isosorbide Mononitrate Er,51659452.42000001,4076855,12.671398031080333
Itraconazole,2504235.5599999987,10860,230.5925930018415
Ivermectin,3498535.6500000004,23803,146.97876948283832
Iyuzeh,2788499.5400000005,7190,387.83025591098755
Jadenu,2460815.35,171,14390.733040935673
Jakafi,1735227944.020001,109580,15835.261398247863
Jantoven,1688448.47,207158,8.1505347126348
Janumet,410952011.58000016,483481,849.9858558661047
Janumet Xr,173259873.6099999,212030,817.1479206244394
Januvia,3195725240.5500007,3490163,915.6378199384959
Jardiance,10678957371.719994,10654599,1002.2861838085125
Jaypirca,102600419.05999996,5114,20062.655271802887
Jentadueto,41236140.05999999,63605,648.3160138353901
Jublia,60865267.269999966,52039,1169.6087025115771
Juluca,353946122.5,97084,3645.7719346133244
Junel,31375.649999999994,1935,16.214806201550385
K-Phos Original,21792.02,723,30.141106500691563
Kadcyla,2104273.25,211,9972.859004739337
Kapspargo Sprinkle,821449.1400000006,19234,42.70818030570867
Kerendia,311390177.8400001,329040,946.359645757355
Kesimpta Pen,500831112.4700002,52350,9566.974450238782
Ketoconazole,68856322.53,3549859,19.396917604333016
Ketorolac Tromethamine,30160852.719999988,1428449,21.11440640862921
Kevzara,126201461.26000005,28106,4490.196444175623
Kineret,17386731.739999995,2801,6207.330146376292
Kisqali,538035933.7499999,36515,14734.655175955084
Klayesta,832129.8100000002,24345,34.180727459437264
Klor-Con,787457.2800000004,5708,137.95677645409958
Klor-Con 10,940241.6299999999,57868,16.248040886154694
Klor-Con 8,105632.53999999996,6697,15.773113334328798
Klor-Con M10,985728.3399999996,60402,16.319465249495043
Klor-Con M20,7572717.97,398012,19.026355913892044
Konvomep,2218336.5,5428,408.6839535740604
Korlym,260000731.98,7523,34560.77787850591
Koselugo,11902534.079999996,706,16859.113427762033
Kurvelo,13323.399999999998,842,15.823515439429926
Labetalol Hcl,17828405.91999998,618803,28.811117463877807
Lacosamide,90541985.88,721864,125.42803891037646
Lactated Ringers,480328.45,15716,30.56302176126241
Lactulose,44728835.78,1031044,43.38208241355364
Lagevrio (Eua),30117423.959999993,48845,616.5917485924863
Lamictal,34526294.150000006,27972,1234.3162501787504
Lamivudine,1421525.6399999994,14947,95.10441158760952
Lamivudine Hbv,1046501.2100000003,6133,170.6344708951574
Lamivudine-Zidovudine,656869.6899999998,3233,203.17652025982053
Lamotrigine,50982255.39999998,3623880,14.068417110941859
Lamotrigine Er,24498215.349999975,94131,260.256614186612
Lamotrigine Odt,3175455.9100000015,9280,342.18274892241396
Lansoprazole,27322094.889999982,748987,36.478730458606066
Lanthanum Carbonate,24112967.860000003,27810,867.0610521395183
Lantus,86463779.57000002,750563,115.1985637048456
Lantus Solostar,620067354.5699998,4903461,126.45503952616322
Larin,18354.489999999998,1217,15.08175020542317
Latanoprost,124805558.08000007,10472430,11.91753567032676
Latuda,18040288.139999997,11984,1505.3644976635512
Leflunomide,30242291.500000007,511849,59.084400868224826
Lenalidomide,2344941101.0099983,175940,13328.072644140038
Lenvima,435671186.90000004,18625,23391.74157852349
Letairis,57486014.85999997,4457,12897.916728741298
Letrozole,16556170.329999998,750030,22.074010812900816
Leucovorin Calcium,3224396.8100000015,80934,39.839830108483476
Levalbuterol Hcl,949214.5000000003,11629,81.62477427121854
Levalbuterol Tartrate Hfa,6334251.860000002,99836,63.44657097640132
Levemir,8506604.479999999,49363,172.32754249133964
Levemir Flexpen,48746448.159999974,240180,202.95798218003154
Levetiracetam,123799009.1600001,3911203,31.652412099295308
Levetiracetam Er,8622172.690000001,114078,75.58138019600625
Levobunolol Hcl,820924.7499999995,30187,27.194645045880662
Levocarnitine,3278060.0999999964,34087,96.16745680171316
Levocetirizine Dihydrochloride,22179995.269999985,1906789,11.632118325624903
Levofloxacin,8545911.100000003,1454877,5.873974982077525
Levonorgestrel-Eth Estradiol,35397.88000000002,1319,26.836906747536027
Levorphanol Tartrate,9631753.260000002,3032,3176.6996240105545
Levothyroxine Sodium,456346665.3499998,42465073,10.746400114512927
Levoxyl,2913582.519999998,77116,37.78181596555836
Lexapro,2847957.449999999,5522,515.7474556320171
Lidocaine,107601517.91999991,1067217,100.82440395908228
Lidocaine Hcl,892995.17,85271,10.472436936355853
Lidocaine Hcl Viscous,1787372.7599999993,104908,17.037525832157694
Lidocaine-Prilocaine,4556153.840000002,247633,18.39881534367391
Linezolid,3136025.989999999,23645,132.62956185240003
Linzess,1572673940.1000001,2056032,764.9073263937527
Liothyronine Sodium,19308568.990000006,498324,38.74701798428333
Lipitor,2629458.7700000014,3146,835.8101621106171
Liraglutide,9688286.349999998,14832,653.2016147518876
Lisdexamfetamine Dimesylate,19901463.819999997,89652,221.98572056395838
Lisinopril,248135866.5500001,35418855,7.005756299857804
Lisinopril-Hydrochlorothiazide,41969709.32,5027994,8.347207518545169
Litfulo,1351485.4900000002,348,3883.578994252874
Lithium Carbonate,5215572.989999999,554275,9.409720788417301
Lithium Carbonate Er,4496519.1800000025,297351,15.121923854300146
Livalo,28618669.56999998,55893,512.0260062977471
Lo Loestrin Fe,129681.59000000001,691,187.6723444283647
Lokelma,162618490.13,221554,733.9903144605829
Lonsurf,94064116.91000003,8412,11182.134677841183
Loperamide,8275661.819999998,427496,19.35845439489492
Lopinavir-Ritonavir,1430486.3099999998,2138,669.0768521983161
Lorazepam,48712373.18000002,7285281,6.686409649813099
Lorazepam Intensol,274355.68999999994,8304,33.0389800096339
Lorbrena,58992544.72,3003,19644.537036297035
Losartan Potassium,348686638.0499997,35422705,9.843591505787028
Losartan-Hydrochlorothiazide,70382019.22999999,4970214,14.160762339408322
Lotemax,2995003.449999999,7818,383.09074571501645
Lotemax Sm,10103791.14999999,38319,263.675752237793
Loteprednol Etabonate,21865516.779999986,136551,160.12710840638286
Lovastatin,19594419.89000001,1997060,9.811633045577004
Loxapine,2467945.2600000026,45579,54.14654248667155
Lubiprostone,30825478.390000027,264860,116.38404587329165
Lumakras,63136779.14999998,3632,17383.474435572683
Lumigan,583829537.4499998,1263126,462.2100546184623
Lunesta,1743229.9899999998,2052,849.5272855750486
Lupron Depot,118231892.59000003,23165,5103.902119145264
Lurasidone Hcl,146937544.65999997,668477,219.80942449777623
Lybalvi,91004428.01999998,57102,1593.7169980035721
Lynparza,345651908.79000014,24854,13907.294954132138
Lyrica,16708738.11,22313,748.8342271321651
Lytgobi,4660051.930000001,199,23417.346381909552
Lyumjev,7256078.079999999,6702,1082.673542226201
Lyumjev Kwikpen U-100,28551356.90000002,38943,733.1576124078787
Lyumjev Kwikpen U-200,4185302.6899999995,2711,1543.8224603467354
M-M-R Ii Vaccine,1600522.489999999,15732,101.7367461225527
M-Natal Plus,64439.159999999996,10357,6.221797817900936
Magnesium Sulfate,153148.94999999995,7679,19.943866388852708
Maraviroc,13163659.199999997,10673,1233.360742059402
Mayzent,50824338.99000001,4874,10427.644437833404
Meclizine Hcl,18619536.689999998,2086865,8.922252608577937
Medroxyprogesterone Acetate,3830644.940000001,186040,20.590437217802627
Megestrol Acetate,15308596.450000005,269765,56.747897058550976
Mekinist,96314914.13,6832,14097.616236826698
Meloxicam,58819644.34000001,11322009,5.1951596523196555
Memantine Hcl,152106859.10000002,5119636,29.710483147630033
Memantine Hcl Er,45581883.350000024,495428,92.00506097757903
Menostar,96342.04000000001,361,266.8754570637119
Mercaptopurine,1607855.38,17142,93.79625364601563
Meropenem,10127155.24,54477,185.89781449051893
Mesalamine,145674752.42000005,308413,472.33661492868345
Mesalamine Dr,6493770.9099999955,17972,361.3271149565989
Mesalamine Er,21188093.449999996,81979,258.4575738908744
Metaxalone,2016370.3999999997,17269,116.76242978748044
Metformin Er Gastric,50923863.990000024,45367,1122.486917583266
Metformin Er Osmotic,2899369.24,16888,171.6822145902416
Metformin Hcl,183281521.65000004,23274114,7.874908649583826
Metformin Hcl Er,96151144.50999999,9671266,9.941939815325107
Methadone Hcl,9350036.53,465120,20.102417720158236
Methazolamide,6083098.870000001,28603,212.67345628080975
Methenamine Hippurate,47247254.88000001,713792,66.19190867927914
Methimazole,7324896.190000002,672584,10.89067862155508
Methocarbamol,28329436.48999999,2401553,11.796298682560822
Methotrexate,51937743.67000004,2171238,23.920797107456686
Methotrexate Sodium,597519.9,40335,14.813930829304574
Methylphenidate Er,10564074.050000004,121077,87.25087382409545
Methylphenidate Er (La),925887.7800000006,7317,126.53926199262001
Methylphenidate Hcl,9878999.099999994,396069,24.94262136142943
Methylphenidate Hcl Er (Cd),358634.0600000001,4356,82.33105142332418
Methylprednisolone,33739790.91,4763320,7.083250948917981
Metoclopramide Hcl,5096308.610000001,624289,8.163380437585799
Metolazone,7802386.549999994,377889,20.64729735451414
Metoprolol Succinate,445742265.89,31333853,14.22558106371406
Metoprolol Tartrate,102131802.68999994,15048645,6.786777327128119
Metoprolol-Hydrochlorothiazide,236316.04999999993,5048,46.8137975435816
Metronidazole,33293205.629999995,1019021,32.67175615615379
Mexiletine Hcl,4260552.619999999,45232,94.19332817474353
Micafungin,2406786.4099999997,6484,371.1885271437384
Microgestin,13760.289999999999,857,16.056347724620768
Midodrine Hcl,68812291.84000005,1084780,63.434329393978544
Miebo,85678537.76999992,100852,849.5472352556213
Mini Ultra-Thin Ii,1640.38,94,17.450851063829788
Minocycline Hcl,4475347.940000002,199831,22.395664036110524
Minoxidil,4906247.780000001,397676,12.337299158108614
Mirabegron Er,57087822.98000004,123218,463.3074954957883
Mirtazapine,141764671.6399999,7524167,18.84124470389877
Misoprostol,1278205.9900000002,34452,37.101067862533384
Mitigare,2935220.7399999998,11866,247.36395921119163
Modafinil,15458071.460000008,218497,70.74729383012128
Mometasone Furoate,23293892.779999975,632815,36.8099567488128
Montelukast Sodium,129247644.29000005,11832627,10.922988131883145
Morphine Sulfate,13113409.19,503992,26.019082029079826
Morphine Sulfate Er,51948187.91,1704181,30.48278786701647
Motegrity,40654799.68000002,56364,721.2901795472292
Motofen,126740.51999999999,177,716.0481355932203
Mounjaro,5825295740.730004,4694896,1240.7720513361753
Movantik,90969941.37000003,221180,411.29370363504853
Moxifloxacin,21759513.739999995,916217,23.74930146460936
Moxifloxacin Hcl,646078.7999999998,14181,45.5594668923207
Multaq,281769276.96,226664,1243.1143761691312
Mupirocin,25786041.510000013,2973173,8.672903161033688
Mycophenolate Mofetil,46786202.73000001,384122,121.80037261599182
Mycophenolic Acid,8912839.350000003,37044,240.6014293812764
Myrbetriq,1896183996.9000006,2973900,637.6085264803795
Mytesi,4749287.640000001,1674,2837.089390681004
Nabumetone,6417250.089999998,404692,15.857121193401397
Nadolol,3853800.4099999974,82080,46.951759381091584
Naftifine Hcl,1606680.7200000004,6608,243.14175544794196
Naloxone Hcl,24591767.679999996,398566,61.70061590803028
Naltrexone Hcl,11553952.199999994,234555,49.259031783590174
Namzaric,50136386.78000001,90765,552.3757701757286
Nano 2nd Gen Pen Needle,112241300.40000008,1228077,91.39597956805646
Naproxen,23928066.939999998,2024932,11.816726161668637
Naproxen Sodium,1180115.6499999994,30649,38.504213840582054
Naratriptan Hcl,1439753.9600000002,46143,31.202001603710208
Nateglinide,4542964.900000003,87375,51.993875822603755
Nayzilam,21979861.769999973,22495,977.0998786396965
Nebivolol Hcl,55809342.35999995,1002085,55.69322199214632
Neomycin Sulfate,433660.8000000005,51982,8.34251856411836
Neomycin-Polymyxin-Dexameth,10790378.660000002,928759,11.618060939382554
Neomycin-Polymyxin-Hc,3579368.600000001,65836,54.367953703141154
Neomycin-Polymyxin-Hydrocort,3102208.5,58077,53.41543984709954
Neoral,195651.02999999997,373,524.5335924932975
Neulasta,30670457.12,4214,7278.229027052682
Neupro,54958909.190000005,50058,1097.9046144472413
Neurontin,4480198.939999996,3913,1144.9524508050079
Nevanac,829362.9900000002,1431,579.5688259958073
Nexium,13820007.069999997,37064,372.8687424454996
Nexletol,30657243.73999998,48827,627.8748180310071
Nexlizet,37996452.599999994,57035,666.1953642500218
Niacin Er,3517794.979999999,55038,63.91574875540534
Nicotrol Ns,2120541.71,2804,756.2559593437945
Nifedipine Er,78788825.03000003,3085115,25.538375402537678
Ninlaro,177257644.02,14002,12659.451794029424
Nitrofurantoin,13001770.000000002,391285,33.228388514765456
Nitrofurantoin Mono-Macro,45607041.20999998,2999261,15.206092837535639
Nitroglycerin,22956749.189999998,1670525,13.742236237111086
Nitroglycerin Patch,3763391.109999999,98577,38.177172261277974
Niva Thyroid,8675.769999999999,306,28.352189542483657
Nivestym,9445322.150000004,9150,1032.2756448087437
Norethindron-Ethinyl Estradiol,157971.48,4544,34.76485035211268
Norethindrone,224355.64999999994,15196,14.764125427744139
Norethindrone Acetate,757832.3899999999,21273,35.624142810134906
Norethindrone-E.Estradiol-Iron,31281.429999999993,2110,14.825322274881513
Nortrel,93469.64000000004,4876,19.169327317473346
Nortriptyline Hcl,11723627.150000008,813429,14.412600423638704
Nourianz,38243946.01,14881,2569.9849479201666
Novofine 32,947246.1500000005,12477,75.91938366594538
Novofine Autocover,1723011.940000001,20498,84.05756366474783
Novolin 70-30,9687861.800000004,66440,145.8136935580976
Novolin 70-30 Flexpen,7356093.199999998,50481,145.72003724173447
Novolin N,3576736.029999996,29224,122.39036511086765
Novolin N Flexpen,1636575.8300000012,15083,108.50466286547777
Novolin R,3288641.770000003,42248,77.84135982768422
Novolin R Flexpen,1256943.8399999992,20554,61.153247056533964
Novolog,56458341.25,226370,249.40734748420726
Novolog Flexpen,231788111.26000014,1045144,221.7762444792298
Novolog Mix 70-30,2459688.7300000014,13245,185.70696338240856
Novolog Mix 70-30 Flexpen,32957447.139999967,122471,269.1040910909519
Np Thyroid,3632824.749999997,66015,55.03029235779743
Nubeqa,828748991.27,64907,12768.252904463308
Nucala,248787539.73999992,57845,4300.93421626761
Nucynta,38278748.76,34544,1108.1157005558127
Nucynta Er,33683120.49,27864,1208.8400979758828
Nuedexta,128153985.95999996,126336,1014.3900864361699
Nuplazid,520417377.06,116719,4458.720320256342
Nurtec Odt,451901196.3400003,310598,1454.9391700526091
Nuzyra,44094096.44000002,3804,11591.508002103055
Nyamyc,3709673.4200000004,124234,29.860371717887215
Nystatin,34673239.300000004,1866462,18.576986458872458
Nystatin-Triamcinolone,2047669.7899999996,70393,29.08911099114968
Nystop,3671781.9499999983,125341,29.29434063873751
Nyvepria,4899272.760000002,1230,3983.148585365855
Ocaliva,105094203.41000001,10535,9975.71935548173
Octagam,328556600.64000034,25422,12924.10513098892
Octreotide Acetate,1950539.2399999993,5570,350.1865780969478
Odactra,313507.75999999995,796,393.8539698492462
Odefsey,315804894.59000003,82689,3819.1887021248294
Odomzo,18921035.809999995,1514,12497.381644649931
Ofev,1833961636.789999,142734,12848.807129275428
Ofloxacin,17836188.65999999,1081372,16.494035965421695
Ojjaara,175672523.2699999,6288,27937.74225031805
Olanzapine,78075996.47999996,3246353,24.050371749467775
Olanzapine Odt,12613159.480000004,146895,85.86513822798601
Olmesartan Medoxomil,57400630.31999998,2937459,19.54091285018786
Olmesartan-Amlodipine-Hctz,7142748.1400000015,67435,105.9204884703789
Olmesartan-Hydrochlorothiazide,21344098.019999977,619004,34.48135718024436
Olopatadine Hcl,1620913.250000001,18079,89.65724044471492
Omega-3 Acid Ethyl Esters,40079930.240000024,612009,65.48911901622365
Omeprazole,355899522.2000001,27948661,12.734045548729512
Omeprazole-Sodium Bicarbonate,98202407.69999997,72127,1361.5207578299385
Omnaris,69154.26,210,329.306
Omnipod 5 Dexg7g6 Intro(Gen 5),1891227.7500000002,3240,583.7122685185186
Omnipod 5 Dexg7g6 Pods (Gen 5),208675228.11999997,178561,1168.6495266043535
Omnipod Dash Pods (Gen 4),33530380.490000002,29240,1146.7298389192888
Ondansetron Hcl,54436771.52999997,3081423,17.666114496451794
Ondansetron Odt,52588894.36000002,3506824,14.996160160874917
Ongentys,10444348.329999996,11707,892.145582130349
Onureg,43646129.79,1863,23427.874283413847
Opsumit,1177584021.8900003,93092,12649.680121707563
Opzelura,49581736.089999974,23713,2090.909462741955
Orencia,176298656.46000004,32423,5437.456634487865
Orencia Clickject,492474197.1400003,82658,5957.973785235552
Orgovyx,442117696.7199998,165331,2674.136711929401
Orphenadrine Citrate Er,843927.8600000001,27668,30.501946653173345
Orserdu,81533720.48999998,3591,22705.01823725981
Oseltamivir Phosphate,6728196.479999996,164443,40.91506771343259
Otezla,789471953.3200004,163042,4842.138549085515
Otrexup,3271896.029999998,3987,820.6410910458986
Oxbryta,43604886.73000001,3616,12058.873542588499
Oxcarbazepine,51382065.40000001,979544,52.45508665256488
Oxervate,407389196.59,10391,39205.966373785006
Oxiconazole Nitrate,5209170.139999999,11192,465.4369317369549
Oxtellar Xr,13897633.909999996,10211,1361.0453344432472
Oxybutynin Chloride,23420270.87999999,1427675,16.404483429351913
Oxybutynin Chloride Er,61748693.87000004,2803742,22.023671889210934
Oxycodone Hcl,125471536.09000002,8170061,15.357478492510646
Oxycodone-Acetaminophen,234098243.17999998,8105341,28.881973402476216
Oxycontin,277304865.43999994,369245,751.0050655797639
Oxymorphone Hcl Er,14518863.999999994,20812,697.6198347107436
Ozempic,12375986474.949995,9930484,1246.2621635511416
Pacerone,377754.8799999998,4793,78.81387022741494
Paliperidone Er,60814895.950000025,308352,197.22556023635335
Pantoprazole Sodium,308773471.7200002,24446801,12.630424394586441
Paricalcitol,1820002.7800000007,17509,103.94670055400084
Paroxetine Cr,474716.6900000001,7776,61.04895704732512
Paroxetine Er,795765.3400000001,13297,59.84547943145071
Paroxetine Hcl,35621491.28000001,2689072,13.246759952875939
Paroxetine Mesylate,40265.03,330,122.01524242424242
Paxlovid,43044382.19,855047,50.34153934228176
Paxlovid (Eua),170147.59999999998,14814,11.485594707708922
Pazopanib Hcl,14185999.809999999,1936,7327.479240702479
Peg 3350-Electrolyte,6969250.530000003,316621,22.01133383445824
Peg-3350 And Electrolytes,4493426.169999999,277889,16.16985980013602
Peg3350-Sod Sul-Nacl-Kcl-Asb-C,522023.4700000001,7713,67.68098923894725
Pegasys,20221042.259999998,5390,3751.584834879406
Pemazyre,10805184.649999997,573,18857.215794066313
Pen Needle,1061159.1700000006,36240,29.281434050772646
Pen Needles,783969.4500000001,11397,68.78735193471967
Penicillin V Potassium,1721578.1499999985,288358,5.970280519354408
Pentips Pen Needle,353206.78000000026,9891,35.70991608533012
Pentoxifylline,7282874.640000005,226107,32.20985922594172
Percocet,37464535.97000002,9606,3900.1182562981494
Permethrin,3128511.900000001,51756,60.44732784604685
Perphenazine,7701149.809999997,140105,54.96698768780555
Perseris,27901946.62000002,10061,2773.2776682238364
Phenazopyridine Hcl,50519.170000000006,5542,9.115692890653195
Phenobarbital,7099154.640000005,264790,26.810508856074645
Phenytek,378499.01999999996,7103,53.2872054061664
Phenytoin,2034820.6999999995,62431,32.59311399785362
Phenytoin Sodium Extended,10129920.040000005,355187,28.5199628364777
Phospholine Iodide,986384.4100000001,384,2568.709401041667
Pifeltro,63786127.38000001,34892,1828.101782070389
Pilocarpine Hcl,11573468.019999988,177953,65.03665585856933
Pimecrolimus,6193571.710000001,25123,246.52994108983802
Pimozide,443330.84999999986,4291,103.31644138895359
Pioglitazone Hcl,36101490.080000006,2760315,13.07875734472334
Piperacillin-Tazobactam,7247098.889999998,37728,192.08807490458008
Pirfenidone,98393421.34000003,44941,2189.391009100822
Piroxicam,3292855.2299999977,24306,135.47499506294733
Pitavastatin Calcium,13320953.519999998,65514,203.32987636230422
Plegridy Pen,17074210.830000002,2005,8515.815875311722
Plenvu,5958164.870000002,42855,139.03079850659205
Polymyxin B Sul-Trimethoprim,1185019.2000000007,137573,8.613748337246411
Pomalyst,1738046814.139999,79949,21739.44407234611
Posaconazole,27585458.600000005,23692,1164.3364257977378
Potassium Chloride,275281560.69,13596071,20.24714056656515
Potassium Citrate Er,30929348.23,331627,93.26547063417635
Pradaxa,103383212.78000003,409643,252.37392749296347
Praluent Pen,241429342.34000012,326519,739.4036559587654
Pramipexole Dihydrochloride,19873833.859999996,1279969,15.526808743024242
Pramipexole Er,3021020.849999998,9201,328.3361428105639
Prasugrel Hcl,14163003.399999995,185634,76.29530904898884
Pravastatin Sodium,118771034.86999989,8787298,13.516217939803553
Prazosin Hcl,17478055.180000015,968423,18.047955469872168
Prednisolone Acetate,147026633.52999994,3639743,40.394784337795265
Prednisolone Sodium Phosphate,293552.22999999986,12383,23.70606718888798
Prednisone,59263740.099999994,14219553,4.167763930413283
Pregabalin,179375579.98000002,6797044,26.390233751613206
Pregabalin Er,388700.08999999997,1617,240.38348175633888
Premarin,98612632.75,261101,377.6800270776443
Prempro,8983595.190000001,28426,316.0344469851545
Prenatal Vitamin Plus Low Iron,181017.9500000002,19929,9.083142656430336
Prevacid,1034589.1199999999,1947,531.3760246533127
Prevident,304619.3299999999,15037,20.257985635432593
Prevident 5000 Dry Mouth,42335.21,2236,18.933457066189625
Prevident 5000 Plus,34140.100000000006,1652,20.665920096852304
Prevident 5000 Sensitive,55826.64999999999,2802,19.923857958600994
Prevymis,67714071.25999999,9224,7341.074507805723
Prezcobix,216510876.8500001,85239,2540.0447782118526
Prezista,12989169.439999998,6564,1978.849701401584
Primidone,25220393.620000005,1086637,23.20958481995368
Priorix,177040.06,1787,99.07110240626749
Privigen,419621063.87999994,36202,11591.10170377327
Pro Comfort Alcohol Pads,1340773.5299999989,23689,56.59899235932284
Pro Comfort Pen Needle,89736.74,956,93.86688284518829
Probenecid-Colchicine,520969.48999999993,9307,55.97609218867518
Prochlorperazine Edisylate,66188.76,656,100.8975
Prochlorperazine Maleate,7400915.630000002,504757,14.662333816073877
Procrit,119894799.33999999,79864,1501.2370948111788
Procto-Med Hc,1524983.9199999983,103555,14.726318574670449
Proctofoam-Hc,268237.6599999999,994,269.8568008048289
Proctozone-Hc,285379.45,19589,14.568352136403083
Progesterone,17852667.259999998,458468,38.939832790947236
Prolastin C,179994426.93000007,16517,10897.525393836657
Prolensa,36649399.44000003,101798,360.0208200554041
Prolia,472721515.38000023,276854,1707.4758370115665
Promacta,398308379.46000004,28251,14098.912585749178
Promethazine Hcl,8474693.769999996,839760,10.091804527484038
Promethazine-Codeine,2753.96,422,6.5259715639810425
Promethegan,182039.53000000003,1598,113.91710262828538
Propafenone Hcl,5232513.840000001,114794,45.58177117270938
Propafenone Hcl Er,6139271.630000001,32476,189.04026450301762
Propranolol Hcl,38386750.669999965,2224101,17.2594458030458
Propranolol Hcl Er,25885598.829999994,654372,39.55792550720385
Propylthiouracil,533533.1199999998,12922,41.288741680854336
Prosol,16039784.710000005,95781,167.46311596245607
Prozac,3121653.869999999,3921,796.1371767406272
Pulmicort Flexhaler,6999572.449999997,23007,304.23664319554905
Pure Comfort Alcohol Pad,184269.94999999987,4198,43.89469985707476
Pyridostigmine Bromide,14153462.649999999,175237,80.76754709336498
Pyridostigmine Bromide Er,2734831.2499999995,6386,428.25418885061066
Qelbree,2261602.9000000004,4091,552.8239794671231
Qnasl,1075962.3300000003,2951,364.6093968146392
Qtern,453091.7999999999,905,500.65392265193356
Quetiapine Fumarate,146896129.5999999,8574604,17.1315351239544
Quetiapine Fumarate Er,21852842.630000006,344865,63.36636837603122
Quinidine Gluconate,126670.03,323,392.1672755417957
Qulipta,191454805.76000005,158395,1208.7174832538908
Quviviq,9836103.049999993,19726,498.636472168711
Qvar Redihaler,22905058.819999997,71211,321.65057111963034
Rabeprazole Sodium,5275183.819999997,119644,44.09066748019121
Radicava Ors,349425575.5099998,24916,14024.144144726273
Raloxifene Hcl,18201814.650000002,438028,41.553998032089275
Ramelteon,11018265.889999993,109994,100.1715174464061
Ramipril,11748836.720000004,1064764,11.03421670905478
Ranolazine Er,84283359.40999998,964535,87.38237535185347
Rasagiline Mesylate,21374409.899999987,113800,187.82434007029866
Rasuvo,15052419.579999993,22958,655.6502996776719
Rayaldee,34992752.85000001,25817,1355.4151469961657
Recorlev,18421440.18,639,28828.544882629107
Relistor,86410825.37000003,36231,2384.99697413817
Relyvrio,35082606.72,2746,12775.894654042242
Remeron,124675.7,569,219.11370826010545
Remicade,61859894.64000001,8864,6978.778727436824
Renvela,10623658.790000001,9875,1075.8135483544304
Repaglinide,8114902.389999999,251513,32.26434573958403
Repatha Pushtronex,26262415.289999984,33372,786.9595855807258
Repatha Sureclick,1496360470.7799997,1724143,867.8865214660267
Repatha Syringe,94361236.13000004,126019,748.7857873019151
Restasis,1116868073.6500008,1168370,955.9198487208682
Restasis Multidose,23107069.48000001,31599,731.2595170733255
Retacrit,17208619.649999995,29854,576.4259278488643
Retevmo,39744804.49999999,2305,17242.865292841645
Retin-A,483209.5099999999,15340,31.499968057366356
Revlimid,3788009699.619999,217318,17430.722257797323
Rexulti,634758164.98,460866,1377.3161070246015
Reyvow,4884769.93,5809,840.896872095025
Rezurock,197067949.48,8245,23901.509942995755
Rhopressa,142083167.8,297810,477.0933407205937
Rifabutin,2081623.94,5001,416.24153969206156
Rifampin,3261745.75,56495,57.73512257721922
Riluzole,6286275.429999995,39883,157.6179181606197
Rinvoq,1124402418.9399996,161517,6961.511289461788
Risedronate Sodium,10726714.770000003,136638,78.50462367716158
Risperdal Consta,88574113.53,65026,1362.1338161658414
Risperidone,45420533.530000016,3260380,13.93105513161043
Risperidone Er,21716721.830000006,20590,1054.7217984458478
Risperidone Odt,5411756.680000001,35476,152.54698049385502
Rituxan,10958427.969999997,943,11620.814390243899
Rivastigmine,62641816.81000001,541517,115.67839386390457
Rizatriptan,8067184.37,427718,18.860988712188874
Rocklatan,142301087.81,280674,506.99775472612356
Roflumilast,21836793.750000007,256066,85.27798985417824
Ropinirole Er,4068535.580000004,32974,123.38617031600667
Ropinirole Hcl,45127718.58999997,2832302,15.933229786230411
Rosuvastatin Calcium,426529720.98000014,30104846,14.168141600192877
Roxybond,1305193.4700000002,780,1673.3249615384618
Rufinamide,21930812.069999993,17865,1227.5853383711162
Rukobia,82681953.26000004,9327,8864.796103784714
Rybelsus,1309259750.809999,899704,1455.211659401313
Rystiggo,18735661.439999998,512,36593.088749999995
Rytary,240109835.3999999,194890,1232.0274790907686
Sandostatin Lar Depot,28173686.769999992,4975,5663.0526170854255
Santyl,115832435.77,139418,830.8284136194752
Sapropterin Dihydrochloride,12478824.450000003,1675,7450.044447761195
Savaysa,964276.6599999996,2286,421.8183114610672
Savella,17530410.450000007,32173,544.8795713797285
Saxagliptin Hcl,2255762.9499999997,11073,203.71741623769526
Saxagliptin-Metformin Er,502009.6700000002,1436,349.5889066852369
Scopolamine,10889345.109999998,125594,86.70274941478094
Securesafe Pen Needle,401534.74000000005,5225,76.84875406698565
Selegiline Hcl,2962250.1799999992,31479,94.10242320277008
Selenium Sulfide,260579.0599999999,20867,12.487614894330758
Semglee (Yfgn),1296645.3000000012,3331,389.2660762533777
Semglee (Yfgn) Pen,18206727.469999995,43815,415.5364023736162
Serevent Diskus,7757625.270000001,16315,475.4903628562673
Seroquel,3176550.020000002,5344,594.4143001497009
Serostim,89599130.07999998,4433,20211.849781186553
Sertraline Hcl,141212734.13000005,15391037,9.17499802839796
Sevelamer Carbonate,120469448.63,628410,191.70517437660126
Sevelamer Hcl,10634209.600000005,15823,672.0729065284715
Sf 5000 Plus,74523.72999999998,10860,6.862221915285449
Shingrix,727447409.8300002,3710214,196.06615948028877
Sildenafil Citrate,24608739.420000013,513235,47.94828766549439
Silodosin,17000966.169999998,209248,81.24792671853494
Silver Sulfadiazine,2387901.109999999,143234,16.671328804613424
Simbrinza,61291490.54999996,234298,261.59630278534155
Simponi,117235480.41999996,17419,6730.32208622768
Simvastatin,121702027.94999997,14482240,8.403536189843559
Single Use Swab,334253.0800000001,115580,2.8919629693718645
Sirolimus,10987887.73,26274,418.20384144020704
Sirturo,1176369.19,291,4042.5058075601373
Sitagliptin,542315.11,1688,321.2767239336493
Sivextro,4310941.05,416,10362.8390625
Skyrizi On-Body,196973988.43999997,9777,20146.669575534415
Skyrizi Pen,848218894.9499996,40889,20744.42747315903
Sod Sulf-Potass Sulf-Mag Sulf,53657522.02,841837,63.73861213037679
Sodium Bicarbonate,291410.78000000026,4570,63.766035010940975
Sodium Chloride,6778386.229999999,285935,23.706038889957505
Sodium Fluoride,486404.2699999999,46277,10.510713097218918
Sodium Fluoride 5000 Plus,68409.92000000003,10082,6.785352112676059
Sodium Fluoride Sensitive,64322.32,6408,10.037815230961298
Sodium Oxybate,48940519.03999997,3100,15787.264206451602
Sodium Polystyrene Sulfonate,1204974.7199999993,17441,69.0886256521988
Solifenacin Succinate,47834934.04,1029718,46.45440211786139
Soliqua 100-33,202666012.4,189307,1070.5679789970789
Soliris,148715855.64000005,3580,41540.74179888269
Soltamox,134502.5,116,1159.5043103448277
Solu-Cortef,411687.82000000007,3853,106.84864261614328
Solu-Medrol,105468.68000000002,4897,21.537406575454366
Somavert,21845680.819999993,1523,14343.848207485222
Sotalol,16330779.06,825663,19.778988594620323
Sotalol Af,537246.86,20451,26.269955503398368
Sotyktu,23551835.82000001,3494,6740.651350887239
Spiriva Handihaler,224551839.3299999,320158,701.3781924237404
Spiriva Respimat,604585036.9199997,904887,668.1331889175109
Spironolactone,71574781.10000001,8103631,8.832433399299648
Spironolactone-Hctz,3692244.8899999987,105237,35.08504508870453
Spravato,120604476.7799999,80669,1495.0535742354548
Sprintec,69932.31999999998,5203,13.440768787238127
Sprix,598001.25,200,2990.00625
Sprycel,293417056.1900003,22919,12802.349849033566
Sps,5855294.0699999975,41371,141.5313642406516
Ssd,2281503.3900000006,108754,20.97856989168215
Steglatro,4674272.669999999,14315,326.52970101292345
Stelara,2252981771.459999,85101,26474.210308457
Stiolto Respimat,304781208.1199999,489884,622.149749981628
Strensiq,265657263.89999998,2749,96637.78242997453
Striverdi Respimat,770911.7199999996,2563,300.78490831057337
Sublocade,29377424.319999974,14506,2025.1912532745052
Suboxone,56084138.280000016,119508,469.29191585500564
Sucraid,53075597.760000005,4053,13095.385581051074
Sucralfate,87766426.00000003,1641060,53.481546073879095
Suflave,2469394.86,20178,122.38055605114481
Sulfacetamide Sodium,424587.86999999976,5904,71.9152896341463
Sulfamethoxazole-Trimethoprim,15400379.59,3086566,4.989486565328589
Sulfasalazine,8368979.399999997,318134,26.306460170871382
Sulfasalazine Dr,3993789.559999998,92762,43.05415536534355
Sulindac,1674899.630000001,98156,17.06365000611273
Sumatriptan,2016110.0599999994,11461,175.9104842509379
Sumatriptan Succinate,28228946.949999996,1309786,21.552335228808367
Sunosi,10725718.030000001,10812,992.0197955974844
Suprep,2859635.3600000017,25255,113.23046367056035
Sure Comfort,1334930.9400000002,64895,20.57062855381771
Sure Comfort Alcohol,26961.270000000004,3839,7.022992966918469
Sure Comfort Pen Needle,1324807.280000001,26228,50.511181942961755
Sutab,18736826.839999996,115858,161.72233976074156
Symbicort,416509046.66999996,1351885,308.0950278093181
Sympazan,1392277.5300000003,691,2014.8734153400871
Symtuza,373028942.6199999,76838,4854.745602696581
Synjardy,90778327.36000003,107886,841.4282424040193
Synjardy Xr,210601277.64999992,216962,970.6827815469986
Synthroid,313710203.59999967,4500601,69.7040692120896
Tabrecta,49422607.39,2609,18943.122801839785
Tacrolimus,64280611.28000002,478838,134.2429199019293
Tadalafil,63683268.280000046,231746,274.79770213941146
Tafinlar,84963998.05000003,6719,12645.333836880493
Tafluprost,9482136.999999998,49778,190.4885089798706
Tagrisso,1338277910.8299997,79546,16823.949800492792
Taltz Autoinjector,383588304.25,52458,7312.293725456556
Taltz Syringe,19591160.449999996,2625,7463.299219047617
Tamoxifen Citrate,8137830.619999999,309376,26.304013950661975
Tamsulosin Hcl,297517289.4899999,20561653,14.469521953804001
Tasigna,275628558.46999985,17234,15993.301524312397
Tavaborole,16966328.92,25889,655.3489482019392
Tavneos,33870043.36000001,2146,15782.872022367197
Tazarotene,400278.07000000007,1887,212.12404345521995
Tdvax,134951.75999999998,2803,48.14547270781305
Tecfidera,110832493.32,11694,9477.723047716778
Techlite Pen Needle,419407.39999999973,16956,24.735043642368467
Tegretol,3659509.94,9359,391.0150593012074
Tegretol Xr,6382771.920000002,14845,429.961058942405
Telmisartan,25367727.17999999,883212,28.722126941210025
Telmisartan-Amlodipine,871075.0999999996,5567,156.47118735405058
Telmisartan-Hydrochlorothiazid,6635802.800000001,98764,67.18847758292496
Temazepam,21039742.460000005,1886689,11.151674950137519
Tenivac,916006.9100000004,18988,48.241358226248174
Tenofovir Disoproxil Fumarate,7632323.179999995,51107,149.3400743538066
Tepezza,64636145.00000001,1162,55624.90963855422
Terazosin Hcl,20561056.250000007,868211,23.68209599970515
Terbinafine Hcl,4992237.909999998,436623,11.433749275690923
Terbutaline Sulfate,194718.14000000004,1125,173.08279111111116
Terconazole,1129398.05,40692,27.754793325469382
Teriflunomide,64477397.84000001,47180,1366.6256430690974
Teriparatide,142493794.4700001,55687,2558.8340989818107
Testosterone,57102223.09000002,350414,162.9564546222469
Testosterone Cypionate,30563401.14,842618,36.27195376789957
Tetrabenazine,24160374.939999986,15776,1531.4639287525347
Tezspire,136233474.70000002,31159,4372.203045668989
Theo-24,630776.9200000002,2891,218.18641300588038
Theophylline Er,6831408.280000001,88945,76.8048600820732
Thioridazine Hcl,764751.76,15033,50.87153329342114
Thiothixene,1007666.8500000007,11744,85.80269499318807
Tiadylt Er,1485312.6899999995,49406,30.063407076063626
Tiagabine Hcl,3248598.2899999996,9474,342.8961674055309
Tibsovo,124924913.04000004,4081,30611.34845381035
Timolol Maleate,50353497.10000004,2740202,18.37583400785783
Timoptic Ocudose,659849.6000000001,840,785.5352380952382
Tiotropium Bromide,24329485.44999999,49386,492.63931984772995
Tirosint,6685462.459999999,29281,228.3208380861309
Tirosint-Sol,733443.13,3808,192.60586397058825
Tivicay,559738253.6199999,228358,2451.143614937948
Tizanidine Hcl,68732123.82000002,6270504,10.961180125233955
Tobradex,4252577.340000004,15514,274.1122431352329
Tobradex St,1411388.0,5789,243.80514769390223
Tobramycin,706925.5999999997,97480,7.25200656544932
Tobramycin Sulfate,3267603.650000001,5403,604.7758004812143
Tobramycin-Dexamethasone,15904405.369999992,358527,44.36041182393513
Tolterodine Tartrate,3426535.0499999984,62317,54.98555851533287
Tolterodine Tartrate Er,30583638.42,369766,82.7107912030852
Tolvaptan,14311152.799999997,3666,3903.7514457174025
Topiramate,32767097.839999977,2675486,12.247157279088725
Topiramate Er,11925818.209999993,16398,727.27272899134
Toprol Xl,579518.0800000001,6869,84.36716843790946
Torsemide,44007686.090000026,2407274,18.281128816246106
Toujeo Max Solostar,360401681.6999999,331369,1087.6143565028713
Toujeo Solostar,349881674.46999997,500102,699.6206263322282
Tradjenta,776080947.7700003,1106446,701.4178258767263
Tramadol Hcl,83435108.35999992,11838048,7.048046127199343
Tramadol Hcl Er,10966590.489999996,165338,66.32831224521887
Tramadol Hcl-Acetaminophen,2294318.7499999986,183315,12.515717480838985
Tranexamic Acid,1277885.2400000005,38168,33.48053971913646
Travatan Z,2814288.6300000013,6350,443.19505984251987
Travoprost,58458318.88,369989,158.00015373430023
Trazodone Hcl,159468513.90000018,17632656,9.043930415247718
Trelegy Ellipta,4832494642.929997,5725949,843.9639687552225
Tremfya,257287952.49000007,19172,13419.985003651162
Tresiba,7679101.8999999985,14426,532.3098502703451
Tresiba Flextouch U-100,594009351.8099998,930082,638.6634208704177
Tresiba Flextouch U-200,700789232.7199998,644173,1087.8897946980078
Tretinoin,9370599.88,123385,75.94602163958342
Tri-Estarylla,12522.640000000001,834,15.015155875299762
Triamcinolone Acetonide,56985887.29000002,5539407,10.287362399982529
Triamterene-Hydrochlorothiazid,20279184.080000006,2214275,9.158385512187964
Triazolam,1650223.740000001,42594,38.743103253979456
Trifluoperazine Hcl,1047581.9,22834,45.87815976175878
Trihexyphenidyl Hcl,1825282.4199999997,145271,12.564671682579453
Trijardy Xr,69976423.62,85911,814.5222802667878
Trimethoprim,6228939.970000001,122043,51.03889588096
Trintellix,249265084.8600001,436130,571.5384973746362
Triumeq,480628631.4200002,122674,3917.9339666106935
Trospium Chloride,17000895.99,322575,52.70369988374796
Trospium Chloride Er,12921768.73,78632,164.33218956658868
True Comfort Pro Alcohol Pads,83826.01999999996,7382,11.355461934435107
True Comfort Safety Pen Needle,1007537.1100000007,7077,142.36782676275268
Trueplus Insulin Syringe,374583.8300000003,22011,17.018028712916283
Trueplus Pen Needle,1242337.06,26051,47.68865149130552
Trulance,62587428.800000004,86086,727.0337662337663
Trulicity,4786817612.429998,3816376,1254.283543453265
Turqoz,5547.44,238,23.308571428571426
Twinrix,33112431.93000001,259716,127.49477094210603
Tymlos,202816426.52000007,70786,2865.205358686747
Typhim Vi,2619004.92,22071,118.66272121788772
Tyrvaya,43506532.81000001,55949,777.61055264616
Tyvaso Dpi,660689692.2000002,27463,24057.447919018323
Ubrelvy,310859453.48,238556,1303.0879687788192
Udenyca,5468643.489999998,1159,4718.415435720447
Ulticare Pen Needle,2335909.7900000005,39556,59.05323566589141
Ulticare Safety Pen Needle,77353.45999999998,905,85.47343646408838
Ultiguard Safepack-Pen Needle,233046.86000000002,3709,62.83280129414937
Ultra Thin,7474.199999999999,432,17.301388888888887
Ultra-Fine Micro Pen Needle,4342040.120000003,49278,88.11315637809982
Ultra-Fine Mini Pen Needle,39990313.22999995,469358,85.20215534836937
Ultra-Fine Nano Pen Needle,20721121.169999987,266368,77.79133067785915
Ultra-Fine Original Pen Needle,833600.3,11238,74.17692649937712
Ultra-Fine Short Pen Needle,34380424.21,408332,84.19723217871731
Ultra-Thin Ii,4587.150000000001,284,16.151936619718313
Unifine Pentips,1106437.73,33390,33.136799341120096
Unifine Pentips Plus,246354.27000000002,7335,33.5861308793456
Unifine Safecontrol Pen Needle,619435.8399999996,13061,47.42637164076255
Unithroid,2784854.7500000014,63804,43.64702448122377
Uptravi,829774603.9199998,36269,22878.342494140998
Ursodiol,48613959.90999998,312208,155.7101672923179
Uzedy,36929469.53,11428,3231.490158382919
V-Go 20,4068156.550000001,6181,658.1712586960041
V-Go 30,3244662.3400000003,5079,638.8388147273085
V-Go 40,4175283.490000001,6309,661.7979854176575
Valacyclovir,72458115.4,2141066,33.84207464879644
Valganciclovir Hcl,20456460.910000008,86294,237.05542575381844
Valproic Acid,9952279.959999997,228666,43.52321709392738
Valsartan,108787485.53999998,3999154,27.20262474013253
Valsartan-Hydrochlorothiazide,39618305.650000006,1223004,32.39425680537431
Valtoco,11662533.01,9311,1252.5542916979916
Vancomycin Hcl,20360895.130000003,156251,130.30889485507294
Vancomycin Hcl-0.9% Nacl,150375.03000000006,1253,120.01199521149246
Vandazole,19796.01,321,61.66981308411214
Varenicline Tartrate,47770485.43999997,207265,230.48023274551886
Varivax Vaccine,287083.43999999994,1717,167.20060570762956
Vascepa,561873504.9799997,1207355,465.37555646847835
Velphoro,363776569.78000003,129929,2799.8104332366142
Veltassa,114961001.32999988,107301,1071.387977092477
Vemlidy,164228279.94000003,108432,1514.5739259628156
Venclexta,715787204.75,81757,8755.057117433369
Venlafaxine Hcl,7655197.360000002,356765,21.457254383137364
Venlafaxine Hcl Er,101532637.66000003,4717029,21.52470075125678
Ventolin Hfa,106934345.19999996,1586201,67.41538127891734
Veo Insulin Syringe,3009666.35,121698,24.730614718401288
Veozah,8748780.749999998,14393,607.84970124366
Verapamil Er,15747227.719999991,569404,27.65563241564863
Verapamil Er Pm,1969163.5100000007,9331,211.03456328367812
Verapamil Hcl,725868.3199999997,68929,10.53066662797951
Verapamil Sr,6545704.789999996,73228,89.38800445184897
Verquvo,30172454.96000001,31967,943.8625757812747
Verzenio,787406593.2899995,53775,14642.614473082278
Vevye,7668582.660000005,9187,834.7210906716017
Viberzi,22114969.569999997,14438,1531.7197374982682
Victoza 2-Pak,17591327.56,27346,643.2870460030717
Victoza 3-Pak,44740530.87999999,44376,1008.2145952767258
Vienva,35811.30999999999,2322,15.422614125753656
Vilazodone Hcl,21095559.020000014,218861,96.38793124403166
Vimpat,42639755.050000004,30474,1399.2175313381902
Vitamin D2,9599170.589999998,1336939,7.179961531528363
Vivitrol,35297876.88999999,21536,1639.0173147288258
Voquezna,12557757.199999996,16241,773.2132996736651
Voriconazole,4878566.209999998,12716,383.65572585718763
Vraylar,901672327.9200002,620682,1452.7122228774158
Vumerity,143286818.5199999,16143,8876.096049061505
Vyndamax,2504980200.9300003,98896,25329.439016037053
Vyvanse,45630501.419999994,111664,408.6411145937813
Vyvgart,109701339.47000003,2461,44575.92014221862
Vyvgart Hytrulo,38564066.04000001,847,45530.18422668242
Vyzulta,105086089.61999993,242669,433.04290873576736
Warfarin Sodium,38206971.050000004,4085856,9.351032207204563
Water,217915.82999999993,7024,31.0244632687927
Wegovy,107263230.00999998,76176,1408.0974323934045
Welireg,90272008.63,3590,25145.40630362117
Wellbutrin Sr,835609.8,1625,514.2214153846154
Wellbutrin Xl,20915322.94999999,7177,2914.2152640378977
Westab Plus,126864.51999999996,8445,15.02244168146832
Wixela Inhub,124249820.57999992,809395,153.50949855138705
Xadago,4975389.79,3036,1638.7976910408431
Xarelto,5436701738.500002,5888827,923.2232053174599
Xcopri,146754343.40000004,103708,1415.072544066032
Xdemvy,69961031.81000005,37433,1868.9667355007625
Xeljanz,186400068.56000006,34723,5368.201726809321
Xeljanz Xr,489943413.25,79429,6168.319042792935
Xermelo,11562477.770000003,1225,9438.75736326531
Xhance,9038251.090000002,11833,763.817382743176
Xiaflex,17778363.589999996,1570,11323.798464968151
Xifaxan,774417061.0599998,280807,2757.8267673526652
Xigduo Xr,124508349.49000005,141978,876.9552289087045
Xiidra,395745556.9700003,378326,1046.043774337477
Xolair,262078874.83000004,80363,3261.1882934932746
Xospata,39817119.87,1846,21569.404046587213
Xphozah,84145725.65999998,24755,3399.1406043223583
Xtampza Er,199608107.7,317492,628.7027947160873
Xtandi,3030169345.649998,227932,13294.181359572145
Xultophy 100-3.6,42934936.990000024,28517,1505.5909454009898
Xylocaine-Mpf,1048.6699999999998,154,6.809545454545454
Xyosted,16704846.379999993,22761,733.9240973595182
Xywav,165287229.93,9591,17233.57626212074
Yf-Vax,1277428.5500000005,6065,210.6230090684255
Yondelis,121602.24,15,8106.816000000001
Yuvafem,13523692.660000004,94098,143.7192359029948
Zafirlukast,2107774.110000001,25755,81.83941409435064
Zaleplon,1780905.2800000012,88063,20.223082111670067
Zarxio,21814885.489999983,11674,1868.672733424703
Zejula,113935121.46000001,5991,19017.713480220333
Zelboraf,3994266.389999999,560,7132.618553571428
Zenpep,363927181.5700001,162724,2236.469000086036
Zeposia,49800813.68,5290,9414.142472589792
Zileuton Er,18911352.460000005,8081,2340.224286598194
Zilretta,916214.9199999999,995,920.8190150753768
Zioptan,3729197.410000002,10159,367.0831194015161
Ziprasidone Hcl,30849613.299999997,498206,61.92140058530005
Zirgan,2272717.53,4373,519.7158769723302
Zoledronic Acid,993389.1100000002,7407,134.11490616983937
Zolmitriptan,2045856.2599999998,13480,151.76975222551928
Zolmitriptan Odt,254771.86999999994,2201,115.75278055429348
Zolpidem Tartrate,46103621.459999986,6970086,6.614498222833977
Zolpidem Tartrate Er,5182044.639999997,193008,26.848859321893375
Zonisade,1954906.0999999996,2040,958.2873039215684
Zonisamide,10342014.879999992,313277,33.01236566999809
Zortress,526184.2000000001,160,3288.6512500000003
Zoryve,9630695.890000004,10969,877.9921496945942
Ztlido,41413433.41000001,65727,630.0825141874726
Zubsolv,17353605.629999995,34265,506.45281278272273
Zypitamag,412953.3099999999,1532,269.55176892950385
Zyprexa,4729045.409999999,4361,1084.3947282733316
Acthar Selfject,1437198.1199999999,32,44912.441249999996
Adakveo,2959887.7499999995,283,10458.96731448763
Adcirca,16824153.570000004,3884,4331.656428939239
Advocate Pen Needles,383098.81000000006,3725,102.84531812080539
Afinitor Disperz,1762638.93,24,73443.28874999999
Airsupra,5372728.750000002,9883,543.6333856116565
Alogliptin-Metformin,448790.57999999996,2479,181.03694231544975
Apraclonidine Hcl,111815.8,1288,86.8135093167702
Apriso,1029962.9599999996,1889,545.2424351508732
Aranesp,47271138.899999976,18619,2538.865615768837
Aripiprazole Odt,4909925.4499999955,7096,691.9286147125134
Azasite,329873.0,1006,327.9055666003976
Bcg (Tice Strain),214758.06,368,583.5816847826087
Betaseron,56716979.00000002,5874,9655.597378277158
Bexsero,376879.26,1696,222.21654481132077
Braftovi,62212180.95000001,4290,14501.673881118884
Butalb-Acetaminoph-Caff-Codein,2056656.1200000003,18607,110.5313118718762
Celebrex,1096808.8199999996,1746,628.1837457044671
Cetirizine Hcl,55862.37000000003,4544,12.293655369718318
Chlordiazepoxide-Clidinium,2028365.2200000002,4955,409.3572593340061
Cialis,885224.9400000002,2724,324.97244493392077
Clemastine Fumarate,12026403.979999997,3660,3285.902726775955
Clinolipid,6351698.660000003,22705,279.74889495705804
Clonidine Hcl Er,411658.54999999976,5268,78.14323272589213
Comfort Touch Pen Needle,226906.93000000002,1948,116.48199691991788
Cryselle,60581.19,3005,20.160129783693844
Daliresp,1149566.33,2622,438.4310945842868
Daptacel Dtap,3637.68,116,31.359310344827584
Darzalex Faspro,81858465.12,6205,13192.339261885578
Delstrigo,12023075.290000005,4488,2678.9383444741543
Dexmethylphenidate Hcl,314045.7800000001,10133,30.992379354584042
Dihydroergotamine Mesylate,17558279.070000004,13057,1344.7406808608412
Dipyridamole,232274.50000000003,3131,74.18540402427341
Docetaxel,741935.1799999998,1498,495.28383177570083
Dronabinol,1265524.1500000006,6688,189.22310855263166
Droxia,39206.09,1101,35.609527702089004
Easy Comfort Alcohol Pad,21081.579999999998,345,61.106028985507244
Easy Touch Safety Pen Needle,122030.74999999999,1593,76.60436283741367
Efavirenz-Lamivu-Tenofov Disop,439148.91,346,1269.2165028901734
Eligard,6106774.080000001,5138,1188.550813546127
Eluryng,9335.44,111,84.10306306306306
Embrace Pen Needle,80615.78999999996,1550,52.01018709677417
Enbrel Mini,204388910.5899999,26399,7742.297457858249
Engerix-B Adult,37290.72,454,82.13814977973568
Equetro,427167.52000000014,1262,338.4845641838353
Esbriet,20652412.66,2151,9601.307605764761
Estarylla,36807.01999999998,2554,14.411519185591223
Ethacrynic Acid,906743.95,2731,332.0190223361406
Ethosuximide,559332.7799999999,7362,75.97565607171963
Exelon,3689735.669999999,5220,706.8459137931033
Eylea,68106054.67999998,28056,2427.5040875392065
Fentanyl Citrate,415812.86,15345,27.097612251547734
Filspari,13613749.71,1175,11586.169965957448
Firdapse,135057255.92,2916,46315.93138545953
Flavoxate Hcl,90383.13000000002,1527,59.19000000000001
Flurbiprofen,236893.29999999993,8152,29.059531403336596
Fluticasone-Salmeterol Hfa,3512024.96,8402,417.9986860271364
Fluvastatin Er,493275.6800000002,2918,169.04581220013716
Focalin,32654.29,272,120.05253676470589
Focalin Xr,315032.6699999999,1241,253.85388396454465
Fondaparinux Sodium,6363845.500000004,5657,1124.950592186672
Fosamax Plus D,89704.82999999999,438,204.80554794520546
Fulvestrant,3507399.2200000007,5075,691.1131467980297
Gemcitabine Hcl,288304.69999999995,1916,150.47218162839246
Gilenya,28299944.410000004,2619,10805.629786177931
Gilotrif,28511217.320000004,2499,11409.05054821929
Glassia,50527322.99999999,4342,11636.877706126208
Gleevec,29339937.96000001,3137,9352.865145043037
Granisetron Hcl,520427.0200000003,4886,106.51392140810485
Hetlioz,32392520.339999996,1375,23558.196610909086
Horizant,13360547.979999999,14647,912.1695896770668
Humalog Mix 50-50 Kwikpen,2507872.480000003,8404,298.4141456449313
Hydrocodone Bitartrate Er,1413706.8500000003,3685,383.638222523745
Hydrocodone-Ibuprofen,765372.2200000001,7227,105.90455514044557
Hyqvia,16832695.35,2497,6741.16754104926
Icatibant,18810025.720000003,1111,16930.716219621965
Iclusig,84883356.04000004,4095,20728.536273504284
Imvexxy,4294787.320000001,12705,338.0391436442346
Inderal La,795102.5100000001,308,2581.501655844156
Insupen Pen Needle,65366.619999999995,1004,65.1061952191235
Invokamet Xr,2095062.9800000002,3026,692.3539259748844
Isradipine,199303.21000000005,1461,136.41561259411367
Isturisa,48850910.30000003,1719,28418.214252472382
Ivabradine Hcl,322778.95,1000,322.77895
Ixiaro,454169.18000000005,1438,315.8339221140473
Jatenzo,2579901.0899999994,2850,905.2284526315788
Jentadueto Xr,12482444.019999992,19580,637.5099090909086
Junel Fe,59970.16,4520,13.267734513274338
Jynarque,76346317.08,3992,19124.82892785571
Jynneos,214522.44000000003,984,218.01060975609758
Keppra,41016953.72000001,23932,1713.895776366372
Keppra Xr,11856676.160000004,7599,1560.294270298724
Keytruda,117779709.68999998,10105,11655.587302325579
Kionex,12379.32,120,103.161
Lamictal Odt,1192113.1499999997,940,1268.205478723404
Lamictal Xr,26640336.669999983,9995,2665.3663501750857
Lanoxin,135272.44000000003,259,522.2874131274133
Larin Fe,17381.589999999993,1582,10.987098609355241
Leukeran,4239744.600000001,287,14772.629268292685
Lialda,926340.7099999998,871,1063.5369804822042
Loryna,17582.19,662,26.559199395770392
Low-Ogestrel,12122.580000000002,565,21.45589380530974
Lucentis,1891138.7000000004,893,2117.736506159015
Lyllana,415099.95,4064,102.14073572834646
Mektovi,51658851.20999997,3981,12976.350467219285
Menquadfi,930264.8199999997,5638,164.99908123448026
Menveo A-C-Y-W-135-Dip,538339.0399999999,3314,162.44388654194324
Mepron,94277.67,47,2005.9078723404255
Meropenem-0.9% Nacl,1189390.29,4070,292.23348648648647
Methylprednisolone Acetate,94777.31,5431,17.451171055054317
Methylprednisolone Sodium Succ,195544.13000000006,7988,24.479735853780678
Midazolam Hcl,145877.48999999993,48984,2.9780640617344427
Mresvia,9115788.349999996,29819,305.7040259566047
Mydayis,491935.4199999998,1582,310.95791403286967
Naproxen-Esomeprazole Mag,12034145.319999997,11439,1052.027740187079
Norgestimate-Ethinyl Estradiol,84320.81999999999,5222,16.14722711604749
Norpace Cr,227667.30999999997,405,562.1415061728394
Nylia,8113.7300000000005,645,12.579426356589147
Olanzapine-Fluoxetine Hcl,611668.8000000004,2607,234.62554660529358
Olumiant,16150207.859999998,4892,3301.350748160261
Onfi,19553990.959999986,6592,2966.321444174755
Opdivo,35778054.22,2997,11937.956029362696
Orphenadrine Citrate,95452.87999999998,1555,61.38448874598069
Osphena,1598656.3699999987,4548,351.5075571679856
Oxazepam,836878.44,14469,57.839411154882846
Panzyga,126450744.30000001,8631,14650.76402502607
Paxil,231997.4200000001,634,365.9265299684544
Pedvaxhib,8969.27,215,41.71753488372093
Pentasa,7642557.189999996,7666,996.9419762588045
Pentazocine-Naloxone Hcl,366169.4799999999,2315,158.17256155507556
Perphenazine-Amitriptyline,68424.53,885,77.31585310734464
Pindolol,733506.4899999998,10344,70.9113002706883
Pioglitazone-Metformin,924557.0499999998,13453,68.72497212517652
Piqray,28126397.11999999,1318,21340.21025796661
Plegridy,2406397.12,286,8413.975944055945
Prednisolone Sodium Phos Odt,1757.76,12,146.48
Prevalite,467873.7,5592,83.66840128755365
Pristiq,1190928.1499999997,2333,510.4707029575652
Proair Respiclick,465049.0899999998,6068,76.63959953856292
Probenecid,654206.1600000003,12280,53.27411726384367
Proscar,36346.909999999996,173,210.09774566473988
Protonix,1451348.2300000002,2979,487.19309499832167
Rebif,65395129.03000002,6151,10631.625594212326
Renacidin,1058833.8399999994,5281,200.49873887521292
Rezdiffra,31398510.740000006,7350,4271.906223129253
Risedronate Sodium Dr,1130486.97,5827,194.0084039814656
Ritalin,207385.13999999998,1650,125.68796363636363
Ritonavir,4543242.649999999,38240,118.8086467050209
Rozerem,191235.49,580,329.7163620689655
Scemblix,96774378.47999996,3987,24272.480180586896
Skyclarys,74768134.81999998,2390,31283.738418410034
Sofosbuvir-Velpatasvir,20326203.12999999,2703,7519.867972623008
Sunitinib Malate,14136951.569999997,2823,5007.775972369818
Symproic,3774973.1000000015,8237,458.29465824936284
Talzenna,18328318.82,1191,15389.01664147775
Tarpeyo,9416125.270000001,598,15746.028879598665
Thyroid,37396.73000000001,1134,32.97771604938273
Tigecycline,841306.6199999999,1453,579.0135030970405
Topamax,18525658.740000006,11657,1589.2303971862405
Trandolapril,210248.34999999998,10967,19.170999361721528
Transderm-Scop,52478.82,294,178.49938775510205
Tretinoin Microsphere,179776.57999999996,428,420.0387383177569
Trexall,392637.24000000005,1955,200.83746291560104
Tri-Sprintec,38127.44999999999,2734,13.945665691294803
Trileptal,7362204.660000002,5249,1402.5918574966663
Trokendi Xr,7654264.050000002,5049,1515.9960487225196
Truqap,46107035.17,2165,21296.55204157044
Tudorza Pressair,663767.84,1401,473.7814703783012
Tysabri,28121785.000000015,3383,8312.676618386053
Vabysmo,21399978.75,7656,2795.1905368338557
Vagifem,368794.88,1266,291.3071721958926
Vaqta,454358.1700000001,4623,98.28210469392172
Viibryd,1532789.4399999997,4551,336.8027774115578
Viokace,433835.56,386,1123.9263212435233
Vitrakvi,16138317.020000001,433,37270.94
Vtama,8843119.069999997,6107,1448.0299770754866
Vyjuvek,20885663.289999995,855,24427.676362573093
Vyndaqel,207777475.77999985,9001,23083.821328741236
Wakix,85924648.91999994,6748,12733.350462359209
Welchol,609726.5100000001,894,682.0207046979867
Xanax,5749387.7399999965,8589,669.3896542088714
Xgeva,45204570.77000004,14372,3145.3222077651017
Xyrem,41544188.10000002,2213,18772.79173068234
Zemaira,25399976.459999997,2499,10164.056206482592
Zembrace Symtouch,583657.03,378,1544.066216931217
Zenzedi,88820.19,129,688.5286046511628
Zerviate,2758190.0499999984,6970,395.7231061692968
Zidovudine,60659.85000000001,1164,52.1132731958763
Zoladex,189356.47000000003,179,1057.8573743016761
Zyflo,545882.73,150,3639.2182
Zylet,1236484.9,2992,413.2636697860962
Actos,78208.68,127,615.8163779527558
Adalimumab-Adaz(Cf) Pen,1077977.01,661,1630.8275491679274
Alprazolam Odt,144005.28000000003,2026,71.07861796643634
Alrex,2324057.980000001,6098,381.1180682190884
Apokyn,28938212.87,1051,27533.979895337776
Asa-Butalb-Caffeine-Codeine,657796.6100000002,6161,106.76783152085704
Ascomp With Codeine,203814.8,2122,96.04844486333647
Asmanex Hfa,604229.7600000002,4704,128.4502040816327
Atacand,219960.55000000002,653,336.84617151607966
Aurovela Fe,3552.8899999999994,304,11.687138157894735
Avalide,35731.04,121,295.29785123966946
Balziva,5210.570000000001,184,28.31831521739131
Banzel,9158357.950000003,2213,4138.435585178492
Benicar Hct,1188018.2800000005,2930,405.4669897610923
Bicillin L-A,571946.87,857,667.3825787631272
Bosentan,15763670.850000003,4852,3248.901659109646
Byetta,1651417.4700000002,1865,885.4785361930296
Calcipotriene-Betamethasone,780441.4300000002,1580,493.95027215189884
Carbinoxamine Maleate,448550.56,2274,197.2517854001759
Cefaclor,127908.64000000007,2151,59.464732682473304
Cerdelga,33836669.470000006,1139,29707.34808604039
Chlordiazepoxide-Amitriptyline,69068.06000000003,1087,63.54007359705614
Ciprofloxacin-D5w,7709.01,235,32.80429787234043
Climara Pro,442079.36,1541,286.87823491239453
Clozaril,8791016.309999997,6402,1373.1671836925955
Codeine Sulfate,357454.52000000014,4467,80.02115961495414
Colistimethate,978418.44,1539,635.7494736842104
Complera,12868902.000000006,3509,3667.398689085211
Cortef,79391.13999999998,591,134.33357021996613
Crotan,2185435.24,1162,1880.7532185886405
Cyclopentolate Hcl,58697.85,5571,10.536322024771136
Cyltezo(Cf) Pen,26006532.43999999,3332,7805.081764705879
Depakote Sprinkle,1621355.1600000004,3007,539.1936015962755
Depo-Estradiol,43565.45,210,207.4545238095238
Dextrose 5%-0.2% Nacl,603.38,27,22.347407407407406
Dextrose In Water,218071.9300000001,8915,24.461237240605733
Duavee,368068.7800000001,1256,293.04839171974527
Ec-Naproxen,150270.93000000002,1860,80.79082258064517
Egrifta Sv,23060670.88,3041,7583.252509043077
Emsam,4980378.03,2312,2154.1427465397924
Enalapril-Hydrochlorothiazide,184567.17000000004,9493,19.442449173074902
Entyvio Pen,8003110.959999998,1261,6346.638350515463
Erivedge,45163082.81999998,3634,12427.925927352773
Erythromycin Ethylsuccinate,1766894.3200000005,3515,502.67263726884795
Etodolac Er,760587.0600000003,10466,72.67218230460541
Eucrisa,2151382.0699999994,2525,852.0325029702968
Fabrazyme,39054726.47,1926,20277.635758047767
Fasenra,32272351.77999999,5591,5772.196705419422
Fiasp Penfill,333792.36,546,611.3413186813186
Finacea,391812.58999999997,916,427.7430021834061
Fintepla,30117896.559999995,1805,16685.815268698057
Firazyr,25007862.57,310,80670.52441935484
Flector,863453.2899999999,1324,652.1550528700906
Flovent Hfa,351588.14000000013,1090,322.5579266055047
Flumazenil,49699.07000000001,5824,8.533494162087914
Fosamprenavir Calcium,706573.9900000005,703,1005.083911806544
Fosinopril-Hydrochlorothiazide,50520.13999999999,1388,36.39779538904899
Geodon,2104012.78,1282,1641.1956162246488
Gimoti,1944965.93,921,2111.7979695982626
Glipizide Xl,105182.40000000004,7419,14.177436312171457
Glucagen,414268.86000000004,1119,370.21345844504026
Griseofulvin,209509.44999999998,962,217.78529106029103
Hadlima Pushtouch,351179.07000000007,414,848.258623188406
Hiberix,6867.469999999999,228,30.120482456140348
Ilaris,24906439.919999998,829,30043.956477683954
Imipenem-Cilastatin Sodium,2015130.6900000009,5365,375.6068387698044
Inpefa,3365099.4699999997,4470,752.818673378076
Inrebic,22630851.570000004,1141,19834.225740578444
Invega Hafyera,16803698.54,850,19769.05710588235
Kaitlib Fe,3046.76,46,66.23391304347827
Klonopin,1252727.8800000001,5970,209.83716582914576
Kristalose,573220.4400000001,958,598.3511899791232
Krystexxa,156245093.42000002,3656,42736.62292669585
Kyprolis,10057107.15,1154,8714.99753032929
Leqvio,4947795.81,1534,3225.4209973924376
Levo-T,140195.76000000004,7172,19.547651979921923
Levora-28,1259.6399999999999,75,16.795199999999998
Lithostat,243464.76000000004,659,369.4457663125949
Lo-Zumandimine,9423.449999999997,446,21.12881165919282
Loreev Xr,1198029.6800000009,2652,451.74573152337894
Lumizyme,9757740.77,169,57738.11106508876
Lupkynis,11367631.329999996,954,11915.756111111108
Matzim La,392620.0500000001,5966,65.80959604425077
Maxalt Mlt,199516.24000000002,310,643.6007741935484
Meperidine Hcl,500239.06000000006,5200,96.19981923076924
Meprobamate,363956.3400000001,1063,342.3860206961431
Mestinon,1585751.94,524,3026.2441603053435
Methenamine Mandelate,114122.07000000002,1703,67.01237228420436
Methylphenidate,56931.85,202,281.8408415841584
Moexipril Hcl,48227.64,1355,35.59235424354244
Mono-Linyah,14703.310000000001,1090,13.4892752293578
Nafcillin Sodium,753150.11,1262,596.7908954041204
Nefazodone Hcl,221059.76,1529,144.57799869195554
Neulasta Onpro,35103987.51999997,5363,6545.5878277083675
Nisoldipine,542138.0699999996,2202,246.20257493187992
Norvasc,1759976.840000001,3874,454.3048115642749
Nuvigil,1004808.0900000001,831,1209.1553429602889
Ocrevus,46007426.25,1211,37991.26857968621
Omnitrope,5841637.030000001,3384,1726.2520774231682
Ontruzant,2675627.3500000006,615,4350.613577235773
Opium Tincture,957294.6699999996,2744,348.86831997084533
Orenitram Er,216462965.58000013,18908,11448.221154008892
Orladeyo,51196093.030000016,1204,42521.67195182726
Oxaprozin,247312.87000000005,4593,53.84560635750056
Oxymorphone Hcl,165204.91999999993,841,196.43866825208076
Oxytrol,236959.58,346,684.8542774566473
Perindopril Erbumine,210070.9399999999,4107,51.14948624299973
Plavix,822819.4999999999,2835,290.2361552028218
Qbrexza,370530.68999999994,578,641.0565570934255
Rapaflo,496112.56000000006,1650,300.67427878787885
Rebif Rebidose,42296760.12,3920,10789.989826530611
Revcovi,26460854.970000003,65,407090.0764615385
Risperdal,1308747.1099999996,3325,393.60815338345856
Safetyglide Insulin Syringe,156716.55,3648,42.95958059210526
Secuado,2969665.1700000004,2260,1314.0111371681417
Silenor,172453.8,360,479.0383333333333
Singulair,744034.9399999998,2419,307.5795535345183
Sodium Fluoride Enamel Protect,6515.18,584,11.156130136986302
Somatuline Depot,37594705.85,4232,8883.437110113422
Steglujan,188208.05000000002,306,615.0589869281047
Stribild,11775250.249999998,2818,4178.584190915542
Takhzyro,169875911.61000004,3718,45690.13222431416
Tavalisse,18481053.0,1371,13479.980306345733
Tazicef,10145.12,328,30.930243902439027
Tekturna,81632.34999999999,195,418.6274358974359
Testopel,323349.16,276,1171.5549275362318
Testosterone Enanthate,124434.72000000002,1698,73.28310954063605
Tetracycline Hcl,482806.7300000003,4632,104.23288644214168
Theophylline,119257.56000000004,1097,108.71245214220606
Tobi Podhaler,1758889.7699999998,165,10659.937999999998
Toremifene Citrate,290255.3,325,893.0932307692308
Tranylcypromine Sulfate,892272.199999999,4970,179.53162977867183
Trikafta,697556362.7300003,26306,26517.006110012935
Trodelvy,1676198.8900000001,84,19954.748690476194
Truxima,6332680.51,824,7685.291881067961
Tukysa,44679550.82999999,2256,19804.76543882978
Tykerb,1372394.4199999997,169,8120.677041420116
Uloric,677902.75,2058,329.3988095238095
Ultracare Pen Needle,20027.909999999996,707,28.328019801980194
Valchlor,6424001.249999999,837,7675.031362007167
Valium,1810337.6700000004,2384,759.3698280201344
Valtrex,484145.03,692,699.6315462427746
Varubi,168900.3,180,938.3349999999999
Vectical,449893.66000000003,2288,196.63184440559442
Vesicare,455384.1900000002,1174,387.89113287904615
Viracept,280321.23,224,1251.4340625
Vivelle-Dot,553629.09,2418,228.96157568238212
Vuity,18865.48,236,79.93847457627119
Vytorin,297958.68999999994,732,407.04739071038244
Xalatan,938222.9500000003,2932,319.9941848567532
Xulane,57652.90999999999,623,92.54078651685391
Yupelri,2361126.5400000005,1988,1187.689406438632
Zestoretic,79571.01999999999,105,757.819238095238
Zetia,724769.1900000001,1514,478.7114861294584
Zoloft,2041524.4299999997,3323,614.3618507372855
Zyprexa Relprevv,861147.6699999998,827,1041.2910157194676
Zyprexa Zydis,1112277.06,769,1446.3940962288686
Altace,127517.20000000001,373,341.8691689008043
Alunbrig,19530305.14,1033,18906.394133591482
Ambien Cr,1758571.2799999998,2748,639.9458806404657
Amethyst,4516.76,106,42.61094339622642
Amjevita(Cf),4144086.0200000005,2829,1464.8589678331568
Apretude,2236549.69,588,3803.6559353741495
Aptensio Xr,9491.9,37,256.53783783783786
Ativan,8745219.260000004,2276,3842.363471001759
Avapro,157019.51,520,301.96059615384615
Azor,524012.4499999999,1038,504.82894990366077
Azstarys,834065.1099999998,2035,409.8600049140048
Bivigam,2703359.79,285,9485.472947368422
Bortezomib,2304984.2299999995,3158,729.8873432552247
Cambia,344739.19,245,1407.0987346938775
Carboplatin,129601.28000000004,2431,53.31192102015633
Cefazolin Sodium-Dextrose,47466.45999999999,530,89.55935849056603
Celexa,291923.73,838,348.35767303102625
Chloroquine Phosphate,94775.25999999997,877,108.06757126567841
Cimduo,76278.95999999999,59,1292.8637288135592
Cisplatin,14115.649999999998,315,44.811587301587295
Clarinex-D 12 Hour,56204.4,138,407.2782608695652
Clinisol,2039994.5399999993,12401,164.50242238529145
Clinpro 5000,28808.530000000002,2131,13.518784608165182
Cozaar,374227.26000000007,1958,191.12730337078656
Cyramza,1395583.43,154,9062.230064935064
Daytrana,27708.079999999998,117,236.82119658119657
Ddavp,96214.49,98,981.7805102040817
Deferiprone (3 Times A Day),2649452.23,200,13247.26115
Dermacinrx Lidocan,1571729.8199999998,678,2318.1855752212387
Diazoxide,520939.13000000006,770,676.5443246753248
Dyanavel Xr,216482.62000000005,478,452.8925104602512
Easy Touch,105490.62,4150,25.419426506024095
Edluar,203713.37000000002,447,455.7346085011186
Elinest,15488.51,1037,14.935882352941176
Enhertu,5950757.479999999,579,10277.646770293608
Errin,6750.680000000001,472,14.302288135593223
Ery,12533.27,206,60.84111650485437
Evenity,528834.83,219,2414.770913242009
Evrysdi,136162768.14999998,4965,27424.525307150045
Femring,718599.7600000005,951,755.6254048370141
Firmagon,810164.5700000002,1499,540.4700266844565
Fluoxetine Dr,278394.0799999999,2382,116.87408900083959
Fruzaqla,25446559.490000002,1094,23260.10922303474
Galafold,36771115.4,1151,31947.10286707211
Gavreto,6204174.940000001,431,14394.837447795826
Glyburide Micronized,25462.139999999996,1330,19.14446616541353
Gralise,3792537.9199999976,5196,729.8956735950727
Hadlima(Cf) Pushtouch,2400485.2899999996,2382,1007.7604072208227
Heather,11732.409999999998,743,15.79059219380888
Hemady,11629.55,128,90.855859375
Herzuma,133867.83000000002,33,4056.6009090909097
Humatrope,2222043.4,880,2525.049318181818
Imfinzi,16450240.239999996,1482,11100.027152496625
Imipramine Pamoate,373724.67999999993,1576,237.13494923857863
Imuran,11851.63,34,348.57735294117646
Incassia,4355.9800000000005,416,10.471105769230771
Insulin Glargine,974295.48,6198,157.1951403678606
Irinotecan Hcl,352506.98999999993,1041,338.6234293948126
Katerzia,436489.97,519,841.0211368015414
Kloxxado,198346.02999999997,1578,125.69456907477819
Krazati,14983346.959999997,892,16797.474170403584
Lanreotide Acetate,3448910.19,419,8231.289236276849
Libtayo,7876761.02,773,10189.859016817592
Lofena,11356954.5,4476,2537.2999329758713
Lovaza,615478.0699999998,639,963.1894679186225
Lyvispah,33619.07,206,163.19936893203882
Methscopolamine Bromide,240446.1900000001,2131,112.83256217738155
Micardis Hct,96147.14000000001,667,144.14863568215895
Minivelle,187133.13999999998,696,268.86945402298846
Monoject Insulin Syringe,56459.469999999994,2239,25.216377847253234
Mvasi,11880281.409999998,2311,5140.753530938987
Mycapssa,6297860.449999999,669,9413.842227204783
Nerlynx,9694086.799999999,527,18394.851612903225
Nevirapine Er,842978.7499999999,4035,208.91666666666663
Nifedipine,98422.05000000003,2549,38.61202432326404
Nplate,9497560.209999999,1039,9141.058912415783
Nulojix,4067971.14,1851,2197.715364667747
Onpattro,5784140.63,205,28215.320146341463
Oxaliplatin,756208.7099999998,2360,320.42741949152537
Paclitaxel,130173.62000000002,1446,90.02325034578148
Paclitaxel Protein-Bound,249333.02000000002,52,4794.86576923077
Palonosetron Hcl,203515.73000000004,3199,63.6185464207565
Pemetrexed Disodium,1442444.3799999997,1072,1345.5637873134326
Perjeta,6258852.379999999,918,6817.921982570805
Phenelzine Sulfate,225549.29999999993,3535,63.8046110325318
Podofilox,20961.6,264,79.39999999999999
Prednisolone,283138.31000000006,5150,54.97831262135924
Prevident 5000 Enamel Protect,18538.07,930,19.933408602150536
Priftin,36956.130000000005,342,108.05885964912282
Prolate,4402938.370000001,1639,2686.356540573521
Promethazine-Dm,57046.83000000001,5320,10.723088345864664
Protriptyline Hcl,528440.1,2066,255.77933204259438
Qudexy Xr,450719.97000000003,300,1502.3999000000001
Qutenza,9793754.749999998,2813,3481.6049591183782
Radicava,3309526.1299999994,268,12348.978097014924
Rayos,5629494.170000001,1419,3967.226335447499
Reblozyl,28799880.40999998,2165,13302.48517782909
Relpax,724915.76,689,1052.1273730043542
Renflexis,1802149.4099999997,462,3900.756298701298
Rozlytrek,5610203.23,341,16452.208885630498
Rubraca,12094509.9,924,13089.29642857143
Ryaltris,942894.8400000001,3376,279.2934952606635
Salsalate,100900.68,1166,86.5357461406518
Saphnelo,8120271.459999998,1605,5059.359165109033
Saphris,2700550.519999998,2774,973.5221773612105
Signifor Lar,6251747.69,329,19002.272613981764
Simponi Aria,28066447.630000006,3813,7360.725840545504
Soaanz,504363.5300000003,2322,217.21082256675294
Sogroya,426393.13,156,2733.289294871795
Sorafenib,6303727.369999998,1168,5397.026857876711
Tazverik,9143642.790000003,514,17789.188307393
Tecentriq,13553505.040000005,1277,10613.551323414256
Tepmetko,12690327.85,606,20941.135066006602
Thiola Ec,17972929.069999993,2063,8712.03541929229
Tolectin 600,367258.75,72,5100.815972222223
Toviaz,418808.24999999994,1444,290.0334141274238
Trazimera,8378709.509999996,2206,3798.1457434270155
Trelstar,12295249.030000007,5128,2397.6694676287066
Udenyca Autoinjector,4040032.2400000016,988,4089.10145748988
Ulticare Insulin Syringe,6619.290000000001,172,38.48424418604652
Urea,6970.0,78,89.35897435897436
Valproate Sodium,13163.36,262,50.241832061068706
Vardenafil Hcl,59315.02000000001,816,72.68997549019609
Vinorelbine Tartrate,3417.04,52,65.71230769230769
Viread,883142.0200000001,711,1242.1125457102673
Winrevair,152169498.05999997,9116,16692.57328433523
Xalkori,28283481.530000005,1463,19332.52326042379
Xembify,14851563.849999998,2036,7294.481262278978
Xpovio,24539979.499999996,875,28045.690857142854
Yervoy,3110533.84,197,15789.511878172589
Yusimry(Cf) Pen,293469.24,248,1183.3437096774194
Zepzelca,1016614.3599999999,64,15884.599374999998
Zerbaxa,7368297.919999998,1917,3843.660886802294
Zirabev,5457756.699999999,1079,5058.161909175162
Zonegran,8758230.620000001,2524,3469.980435816165
Zytiga,11471290.39,1093,10495.233659652333
Abraxane,3374379.4299999997,542,6225.792306273062
Almotriptan Malate,299599.0100000002,1405,213.23772953736668
Amitiza,314326.8799999999,1085,289.702193548387
Amlodipine-Valsartan-Hctz,1771972.3000000005,5235,338.48563514804215
Apri,17337.0,1283,13.5128604832424
Aralast Np,26573123.38999999,2297,11568.621414888981
Avastin,5653428.199999999,1169,4836.123353293413
Betaine Anhydrous,631502.5399999999,250,2526.01016
Cerezyme,9056924.83,327,27697.01782874618
Climara,800096.7899999998,6608,121.08002269975783
Cotempla Xr-Odt,65094.75,92,707.5516304347826
Doxorubicin Hcl,14374.99,265,54.24524528301887
Endari,1893837.0100000002,554,3418.4783574007224
Enspryng,29176118.369999994,1549,18835.45408005164
Etoposide,2486.3199999999997,60,41.43866666666666
Felbatol,2836320.42,1109,2557.5477186654643
Hailey Fe,10787.199999999999,787,13.706734434561625
Idacio(Cf) Pen (2 Pack),265944.42000000004,36,7387.345000000001
Insulin Lispro Junior Kwikpen,140495.29000000004,1232,114.03838474025977
Inveltys,827603.8199999998,2644,313.01203479576395
Invokamet,2488855.2899999996,3600,691.3486916666666
Jencycla,8245.360000000002,627,13.150494417862843
Jornay Pm,592264.8999999999,1241,477.2481063658339
Kariva,1510.55,76,19.875657894736843
Loestrin Fe,2598.48,24,108.27
Minocycline Hcl Er,19420.89,106,183.2159433962264
Nicardipine Hcl,505100.42,1167,432.81955441302483
Philith,1675.37,74,22.640135135135132
Pred Mild,66839.84999999999,277,241.29909747292416
Premphase,35659.46000000001,146,244.2428767123288
Proctosol-Hc,20362.119999999995,1110,18.344252252252247
Prograf,1554097.0000000005,2229,697.2171377299239
Qinlock,28064395.220000006,612,45856.854934640534
Quinidine Sulfate,295566.94999999995,462,639.7553030303029
Quinine Sulfate,41494.990000000005,572,72.54368881118882
Remodulin,11279041.659999998,1024,11014.689121093748
Rezvoglar Kwikpen,291937.13999999996,3373,86.55118292321374
Riabni,3279568.2600000002,524,6258.718053435115
Ruxience,7806572.390000001,1184,6593.388842905406
Sancuso,2337677.06,1190,1964.4345042016807
Seroquel Xr,2831381.7199999983,3563,794.6622845916359
Siliq,5110240.23,975,5241.272030769232
Sinemet,50716.200000000004,228,222.43947368421055
Skyrizi,54434534.140000015,2782,19566.6909202013
Sodium Fluoride 5000 Dry Mouth,26095.250000000007,2599,10.040496344747982
Stalevo 100,64383.3,56,1149.7017857142857
Sustol,92259.56999999999,105,878.6625714285714
Tasimelteon,12349636.879999999,743,16621.31477792732
Testim,94419.34,129,731.9328682170542
Thalitone,19894.579999999998,242,82.2090082644628
Tinidazole,81712.05000000002,1234,66.21722042139386
Tri-Linyah,13241.579999999994,1014,13.058757396449698
Triamterene,302594.31999999995,1203,251.53310058187859
Tyblume,498.97,23,21.694347826086958
Versacloz,824397.47,574,1436.2325261324042
Ziprasidone Mesylate,187759.97,915,205.20215300546448
Abilify,1780161.0199999993,2115,841.6836973995269
Acthib,7082.83,345,20.529942028985506
Actonel,110119.59000000001,304,362.2354934210527
Adapalene,1433819.6700000006,1738,824.9825489067898
Androgel,520766.8499999999,582,894.7884020618555
Angeliq,33229.54,177,187.7375141242938
Aricept,121802.88000000003,259,470.2813899613901
Arimidex,626048.8600000001,347,1804.1753890489917
Aviane,19439.980000000003,1377,14.117632534495282
Azacitidine,1855230.1199999994,1080,1717.8056666666662
Bimzelx Autoinjector,22367167.070000008,1512,14793.09991402117
Cefixime,248554.05000000002,2770,89.73070397111914
Clindamycin (Pediatric),10653.999999999998,82,129.92682926829266
Clomid,172653.32999999993,1001,172.48084915084908
Coreg Cr,448609.08,414,1083.596811594203
Daptomycin-0.9% Nacl,51164.79999999999,323,158.40495356037147
Dasetta,12966.100000000002,990,13.09707070707071
Diflunisal,214355.47000000003,3312,64.72085446859904
Drizalma Sprinkle,146711.73999999996,1204,121.85360465116275
Enskyce,8246.51,550,14.993654545454547
Enstilar,1627592.5799999998,674,2414.825786350148
Estrogel,101610.70000000003,496,204.86028225806456
Etonogestrel-Ethinyl Estradiol,30892.280000000002,272,113.57455882352942
Evkeeza,7229139.569999999,166,43549.03355421686
Exforge,209271.64000000004,544,384.69051470588244
Eylea Hd,9949196.970000003,3039,3273.839081934848
Falmina,8319.67,578,14.393892733564014
Fioricet,304347.48999999993,508,599.1092322834644
Flucytosine,2816812.540000001,1016,2772.453287401576
Flurazepam Hcl,11143.0,32,348.21875
Furoscix,6318015.810000001,994,6356.15272635815
Fyavolv,82566.88,1176,70.20993197278912
Herceptin,3264666.5100000002,673,4850.916062407133
Hydrocortisone Butyrate,4506183.350000001,9608,469.0032629059118
Innopran Xl,241732.16999999998,107,2259.1791588785045
Klor-Con M15,68748.70999999999,2369,29.020139299282395
Lasix,47025.069999999985,1024,45.922919921874986
Leukine,1964434.02,273,7195.729010989011
Licart,6086786.449999998,6993,870.4113327613326
Mavenclad,48612212.359999985,650,74788.01901538459
Menest,73915.68,818,90.36146699266503
Ms Contin,367956.7400000001,396,929.1836868686871
Nalbuphine Hcl,245309.97999999998,899,272.86983314794213
Neomycin-Polymyxin-Gramicidin,6440.3099999999995,160,40.2519375
Nevirapine,125982.95000000008,3031,41.56481359287367
Nitro-Bid,163261.38,3303,49.42821071752952
Nitro-Dur,346769.27,218,1590.6847247706423
Nocdurna,11889.3,24,495.3875
Norgesic Forte,5049718.08,1581,3194.0025806451613
Opdualag,1918558.92,66,29069.074545454543
Orilissa,659568.46,580,1137.187
Pancreaze,3295626.3900000015,1925,1712.01370909091
Paxil Cr,266947.55,661,403.854084720121
Plaquenil,842415.2300000001,1128,746.8220124113476
Pred Forte,314263.98000000004,1388,226.4149711815562
Procysbi,19633999.47,279,70372.75795698924
Provigil,3115899.2100000004,838,3718.2568138424826
Revatio,2833558.7099999995,361,7849.193102493074
Rimantadine Hcl,47810.42,224,213.43937499999998
Soma,695960.1000000001,750,927.9468000000002
Spritam,367968.9,543,677.6591160220995
Tarina Fe 1-20 Eq,5125.719999999999,310,16.534580645161288
Techlite Insulin Syringe,4371.320000000001,289,15.125674740484431
Teflaro,3308563.38,1613,2051.1862244265344
Thalomid,9541887.309999999,1293,7379.64989172467
Vigabatrin,11701434.549999995,907,12901.25088202866
Viorele,2453.96,111,22.107747747747748
Votrient,7080931.72,648,10927.3637654321
Wainua,31322745.110000003,738,42442.74405149052
Xofluza,178529.87,1046,170.67865200764817
Zavzpret,2970149.819999999,2604,1140.6105299539167
Zestril,329766.69999999995,399,826.4829573934836
Zontivity,26570.66,43,617.9223255813954
Zykadia,2368238.06,212,11170.934245283019
Adalimumab-Aacf(Cf) Pen (2 Pk),443405.28,436,1016.9845871559634
Adapalene-Benzoyl Peroxide,7631.6,148,51.564864864864866
Alyacen,22278.100000000002,1311,16.993211289092297
Avodart,1075278.62,799,1345.7805006257825
Avycaz,5320693.119999999,1379,3858.370645395213
Beovu,169149.95,82,2062.804268292683
Cefoxitin Sodium,1838.32,12,153.19333333333333
Chenodal,14326754.23,288,49745.674409722225
Crinone,5926.879999999999,24,246.9533333333333
Cystadane,693779.23,483,1436.3959213250516
Dojolvi,1265804.9800000002,71,17828.23915492958
Doxercalciferol,240477.46999999994,534,450.33234082396996
Effer-K,35825.35000000002,1841,19.45972297664314
Empaveli,18592256.56,455,40862.10232967033
Fetroja,1607724.0199999996,764,2104.350811518324
Generlac,18646.179999999997,1099,16.96649681528662
Glumetza,3004710.8400000003,770,3902.2218701298707
Gvoke Pfs 2-Pack Syringe,231929.31999999998,370,626.8359999999999
Hydrocortisone-Pramoxine,29494.449999999997,248,118.92923387096774
Hyrimoz(Cf) Pen,737243.2799999999,99,7446.901818181817
Insulin Pen Needle,292.36,14,20.882857142857144
Isotretinoin,142578.43999999997,908,157.02471365638763
Ixchiq,59795.939999999995,150,398.6396
Kombiglyze Xr,81663.53,183,446.24879781420765
Kuvan,1542735.12,116,13299.440689655174
Lescol Xl,19175.7,46,416.86304347826086
Lessina,7416.640000000001,503,14.744811133200798
Levocarnitine Sf,35825.49,565,63.407946902654864
Lipofen,13233.69,46,287.6889130434783
Lutera,3404.2100000000005,205,16.605902439024394
Me-Naphos-Mb-Hyo 1,3779.8900000000003,29,130.34103448275863
Mefloquine Hcl,26442.889999999996,550,48.07798181818181
Methsuximide,150347.81999999998,489,307.45975460122696
Micardis,141097.43000000002,680,207.49622058823533
Miglitol,122006.93999999997,489,249.50294478527601
Mili,10159.369999999999,647,15.702272024729519
Milrinone In 5% Dextrose,173816.12,1967,88.36610066090493
Myfortic,186464.51999999996,216,863.2616666666664
Neupogen,1787441.42,834,2143.2151318944843
Nizatidine,109218.39999999997,1154,94.64332755632579
Norditropin Flexpro,7600010.97,2287,3323.1355356362046
Northera,7040346.470000001,467,15075.688372591008
Oracea,740729.0700000003,778,952.0939203084837
Palynziq,19815187.210000005,704,28146.57274147728
Penciclovir,124319.78,184,675.6509782608696
Ravicti,61060146.059999995,719,84923.70801112655
Reclipsen,2515.13,146,17.226917808219177
Segluromet,220085.04000000004,504,436.67666666666673
Slynd,298888.94000000006,1388,215.33785302593665
Sumatriptan Succ-Naproxen Sod,926866.8400000001,2421,382.8446261875259
Syfovre,4548139.14,1538,2957.1775942782833
Tobrex,38026.670000000006,141,269.69269503546104
Velivet,7348.16,248,29.629677419354838
Vonjo,44146321.87,1946,22685.674136690646
Vpriv,7117097.39,214,33257.46443925233
Xerava,203956.41999999998,298,684.4175167785235
Xopenex Hfa,187513.17,2263,82.8604374723818
Yonsa,10030622.060000004,1003,10000.6201994018
Zocor,94681.29999999997,361,262.2750692520775
Zolinza,1221314.28,157,7779.071847133758
Alcohol Wipes,1586.8400000000001,332,4.779638554216868
Altavera,8333.639999999998,556,14.988561151079132
Alyq,145772.53000000003,120,1214.7710833333335
Amcinonide,2447104.49,1218,2009.1169868637112
Cardizem Cd,372417.35000000003,252,1477.8466269841272
Cefepime,195069.41999999993,698,279.46908309455574
Cometriq,927701.0900000001,65,14272.324461538463
Dermacinrx Lidogel,584669.53,221,2645.563484162896
Duobrii,62544.02,62,1008.7745161290322
Durysta,695616.29,193,3604.2294818652854
Erbitux,3150127.2099999995,367,8583.452888283377
Ferriprox (2 Times A Day),17268990.78,578,29877.146678200694
Fulphila,3308335.689999999,1515,2183.7199273927386
Gazyva,3247144.6,317,10243.358359621452
Givlaari,11526729.42,196,58809.84397959184
Hydrocodone-Homatropine Mbr,185.81,13,14.293076923076923
Kalydeco,21447628.61,830,25840.51639759036
Lapatinib,2063580.5899999999,455,4535.341956043956
Linezolid-D5w,166679.81000000003,706,236.09038243626065
Menactra,13154.11,77,170.8325974025974
Methadone Intensol,8702.67,326,26.69530674846626
Methylphenidate Hcl Cd,98329.98999999999,1222,80.46644026186578
Neomycin-Bacitracin-Poly-Hc,9208.69,233,39.52227467811159
Neomycin-Bacitracin-Polymyxin,21571.560000000005,682,31.629853372434024
Nikki,14705.52,540,27.232444444444447
Norvir,225079.82000000004,720,312.61086111111115
Novofine Plus,19793.54,332,59.61909638554217
Novolog Penfill,236066.96,1088,216.9733088235294
Pulmozyme,711446.68,156,4560.555641025641
Sarclisa,4257859.77,490,8689.509734693876
Seglentis,128169.12000000001,398,322.03296482412065
Stivarga,21809929.46999999,1283,16999.165604052992
Thiola,2911162.0399999996,406,7170.349852216747
Tri-Lo-Mili,16720.1,866,19.307274826789836
Tribenzor,428999.76000000007,924,464.2854545454546
Trinatal Rx 1,5291.800000000001,471,11.235244161358814
Trogarzo,9943159.45,1002,9923.312824351297
Truvada,1373482.9800000002,791,1736.3880910240205
Tyenne Autoinjector,1208254.42,556,2173.1194604316547
Volnea,8203.089999999997,423,19.39264775413711
Xeomin,1623025.97,1334,1216.6611469265367
Yuflyma(Cf) Autoinject (2 Pck),7913414.729999999,889,8901.478886389199
Zafemy,84742.54999999999,828,102.34607487922703
Advocate Pen Needle,68737.33,546,125.89254578754579
Anafranil,307865.17,74,4160.340135135135
Aurovela 24 Fe,2892.0299999999997,93,31.097096774193545
Darzalex,14190908.810000004,1435,9889.135059233453
Diuril,3794.0,44,86.22727272727273
Hadlima(Cf),215220.06000000003,219,982.7400000000001
Kelnor 1-35,11223.779999999999,569,19.72544815465729
Lithium Citrate,24659.199999999997,198,124.54141414141412
Lithobid,265775.23,300,885.9174333333333
Onzetra Xsail,95149.51000000001,105,906.1858095238097
Pyrazinamide,75311.45000000001,331,227.5270392749245
Quillichew Er,88055.18000000001,206,427.45233009708744
Regranex,198106.32,118,1678.867118644068
Ritalin La,119455.41,227,526.2352863436123
Se-Natal 19,6459.3099999999995,256,25.231679687499998
Selzentry,2240994.0399999996,1168,1918.6592808219175
Strattera,292037.06000000006,509,573.7466797642437
Symlinpen 60,272986.17,205,1331.6398536585366
Trandolapril-Verapamil Er,62560.25999999999,412,151.8452912621359
Zanaflex,76735.23999999999,215,356.9080930232558
Amoxicillin-Clavulanate Pot Er,61838.56,646,95.72532507739938
Amvuttra,51018737.10000001,433,117826.18267898385
Brompheniramine-Pseudoephed-Dm,3171.7899999999995,148,21.43101351351351
Diacomit,1031667.1900000001,180,5731.484388888889
Dobutamine Hcl-D5w,11915.58,96,124.120625
Flomax,300101.01000000007,649,462.40525423728826
Forfivo Xl,17572.309999999998,38,462.4292105263157
Hyzaar,136052.23,728,186.88493131868134
Intuniv,61762.83,182,339.3562087912088
Isibloom,16707.780000000002,1063,15.717572906867359
Ketoprofen,694981.4099999999,817,850.6504406364749
Levemir Flextouch,94082.87,574,163.90743902439024
Levonest,2054.1800000000003,125,16.43344
Lidocan Iii,177173.53,89,1990.713820224719
Lotrel,238973.23,569,419.98810193321617
Lysodren,996606.6799999999,457,2180.758599562363
Myfembree,432280.02999999997,362,1194.143729281768
Mysoline,3682626.73,837,4399.792986857826
Naproxen Sodium Er,802924.8999999998,910,882.3350549450547
Narcan,141788.56999999998,1161,122.12624461670971
Nilutamide,614804.75,189,3252.935185185185
Nitrostat,10315.400000000001,140,73.68142857142858
Nutropin Aq Nuspin,1836774.77,662,2774.5842447129908
Oxcarbazepine Er,151534.78,152,996.9393421052631
Padcev,4310820.28,181,23816.686629834254
Penicillamine,2514154.5199999996,618,4068.2111974110026
Phenylephrine Hcl,30417.100000000002,828,36.73562801932368
Samsca,3732485.93,305,12237.658786885246
Siklos,219821.8,193,1138.9730569948185
Taltz Autoinjector (2 Pack),6144925.94,461,13329.557353579177
Tri-Lo-Estarylla,15262.710000000005,802,19.030810473815468
Trifluridine,159565.26999999993,990,161.17704040404033
Ultomiris,109178198.54000002,2030,53782.36381280789
Ultra Comfort,3415.03,263,12.98490494296578
Velcade,405441.49,101,4014.272178217822
Vyepti,3716731.88,869,4277.02172612198
Xenazine,1584653.0299999998,58,27321.60396551724
Zithromax,948.5699999999999,41,23.135853658536583
Actimmune,17822197.6,280,63650.70571428572
Amphotericin B Liposome,785327.92,455,1725.9954285714286
Cardura Xl,89468.53000000001,404,221.4567574257426
Duexis,28901.78,12,2408.4816666666666
Flovent Diskus,34599.88,153,226.1430065359477
Layolis Fe,5960.3,69,86.38115942028986
Norliqva,201729.28,272,741.6517647058823
Pfizerpen,37913.57,119,318.6014285714286
Ponvory,2349789.79,254,9251.140905511811
Prilosec,1027565.2499999999,1093,940.132891125343
Roxicodone,1046863.0900000001,887,1180.2289627959415
Sabril,6970848.010000001,211,33037.19436018958
Sodium Acetate,36914.44,413,89.38121065375303
Sodium Phosphate,30517.31,233,130.97557939914162
Subvenite,5968.889999999999,392,15.22676020408163
Sunlenca,2704526.1699999995,176,15366.625965909088
Teglutik,1415315.9,357,3964.470308123249
Trivora-28,5711.749999999999,303,18.850660066006597
Aciphex,801451.9099999998,595,1346.9779999999996
Albendazole,1623429.43,857,1894.3167211201867
Alomide,4661.07,23,202.65521739130435
Avsola,1419989.35,475,2989.451263157895
Bepreve,690575.5500000003,1723,400.79834590829967
Blisovi Fe,12262.499999999998,812,15.101600985221673
Bupivacaine Hcl,4182.2,172,24.315116279069766
Cefepime-Dextrose,185057.5,781,236.949423815621
Cellcept,565963.75,384,1473.8639322916667
Clindamycin Phos-Benzoyl Perox,65225.58000000001,1541,42.32678780012979
Easy Comfort Insulin Syringe,53014.85,916,57.876473799126636
Edecrin,117928.86,76,1551.6955263157895
Exforge Hct,88677.23,242,366.43483471074376
Fosaprepitant Dimeglumine,424342.31,2030,209.03562068965516
Jevtana,2906917.9799999995,197,14755.928832487307
Marlissa,4034.5599999999995,280,14.409142857142855
Methylergonovine Maleate,149064.06,92,1620.2615217391303
Ozurdex,1150149.85,691,1664.4715629522432
Periogard,3030.8400000000006,444,6.826216216216218
Potassium Citrate-Citric Acid,16675.69,188,88.70047872340425
Pyrimethamine,3512262.51,224,15679.743348214284
Releuko,15328.0,34,450.8235294117647
Rolvedon,1139501.71,250,4558.00684
Sronyx,2080.8999999999996,177,11.756497175141241
Tikosyn,64590.29,65,993.6967692307693
Trimipramine Maleate,58676.659999999996,225,260.78515555555555
Tropicamide,4510.17,533,8.461857410881802
Udenyca Onbody,479664.52,107,4482.845981308411
Zomig,24025.51,12,2002.1258333333333
Akynzeo,4699780.0600000005,4352,1079.9126976102943
Carnitor,130631.27,505,258.67578217821784
Cayston,16086667.830000002,1354,11880.847732644019
Claravis,33267.08,320,103.959625
Cyltezo(Cf),1506744.5199999996,200,7533.722599999997
Cystaran,1347821.6,157,8584.850955414013
Deblitane,12534.03,723,17.336141078838175
Desogestr-Eth Estrad Eth Estra,3686.5099999999998,196,18.808724489795917
Dextrose 5%-0.9% Nacl,65986.84000000001,1904,34.65695378151261
Elyxyb,470728.0300000001,483,974.5921946169774
Intelence,1108176.91,762,1454.3004068241469
K-Phos No.2,4400.320000000001,56,78.57714285714287
Kalbitor,15389380.64,189,81425.2943915344
Keveyis,13153149.770000003,444,29624.2111936937
Mavyret,16103254.669999996,1239,12996.977134786115
Naproxen Sodium Cr,441526.01,706,625.3909490084986
Nuvessa,4757.25,25,190.29
Ruconest,31789537.32,292,108868.27849315069
Spinosad,88612.03,149,594.711610738255
Tazorac,435372.98000000004,212,2053.646132075472
Tracleer,10462801.469999995,798,13111.280037593979
Tyvaso Refill Kit,4588529.45,224,20484.506473214286
Webcol,1244.05,531,2.3428436911487758
Zilbrysq,16830440.79,445,37821.215258426964
Alogliptin-Pioglitazone,56801.38,311,182.64109324758843
Daybue,21320128.330000006,368,57935.131331521756
Deferiprone,2317913.41,342,6777.524590643276
Easy Touch Insulin Syringe,6415.940000000002,273,23.50161172161173
Evamist,33642.54,194,173.41515463917526
Firvanq,41801.119999999995,249,167.87598393574297
Kaletra,101745.61000000002,108,942.0889814814816
Ketodan,9768.28,23,424.7078260869566
Nicotrol,38939.060000000005,78,499.218717948718
Portia,13872.46,902,15.379667405764966
Prenatal Plus,177.39,50,3.5477999999999996
Rectiv,436778.36999999994,642,680.3401401869158
Sodium Phenylbutyrate,1337540.37,223,5997.938878923767
Tosymra,63603.479999999996,78,815.4292307692307
Yuflyma(Cf) Autoinjector,1205732.67,168,7176.980178571428
Aveed,372872.87,199,1873.733015075377
Azilect,303788.95,240,1265.7872916666668
Balversa,2122086.32,131,16199.132213740457
Baraclude,975277.02,659,1479.9347799696511
Easy-Touch Insulin Syringe,16539.780000000002,677,24.430989660265883
Enjaymo,888033.44,39,22770.088205128202
Enpresse,5661.599999999999,302,18.747019867549668
Jinteli,11907.940000000002,259,45.976602316602325
Librax,412164.66,82,5026.398292682927
Lioresal Intrathecal,207342.63000000003,176,1178.083125
Microgestin Fe,5548.88,411,13.500924574209247
Milrinone Lactate,116749.82000000002,697,167.5033285509326
Namenda Xr,84105.98000000001,194,433.5359793814433
Norethin-Eth Estra-Ferrous Fum,10070.69,163,61.78337423312884
Orkambi,260054.76,12,21671.23
Rabavert,130929.31,291,449.9289003436426
Reyataz,307573.24000000005,223,1379.2521973094172
Symfi,134236.22,46,2918.178695652174
Trientine Hcl,2093648.6100000003,352,5947.865369318183
Trumenba,20874.08,106,196.92528301886793
Venlafaxine Besylate Er,80342.01,573,140.21293193717275
Zetonna,21737.5,83,261.8975903614458
Afinitor,8094941.719999999,433,18695.015519630484
Altoprev,97354.05,96,1014.1046875000001
Aptivus,640393.99,318,2013.8175786163522
Arava,201672.5,126,1600.5753968253969
Aromasin,239304.93999999997,211,1134.14663507109
Cardizem La,62443.169999999984,617,101.20448946515394
Decitabine,140617.96000000002,148,950.1213513513514
Fosamax,38686.2,186,207.99032258064514
Hyftor,584548.9500000001,145,4031.372068965518
Javygtor,1700977.85,164,10371.816158536585
Kanjinti,894306.4500000002,201,4449.285820895523
Malathion,52221.83,170,307.18723529411767
Nexviazyme,25738337.959999997,488,52742.49581967213
Ogsiveo,6089869.990000002,229,26593.318733624463
Phenoxybenzamine Hcl,949135.46,167,5683.445868263473
Pioglitazone-Glimepiride,244534.45999999996,825,296.405406060606
Relafen Ds,759353.3200000001,199,3815.845829145729
Rezlidhia,2219382.5700000003,76,29202.40223684211
Ridaura,462574.11999999994,349,1325.4272779369626
Twyneo,6083.74,13,467.97999999999996
Uceris,73934.95,61,1212.0483606557377
Ulticare,8287.460000000001,290,28.57744827586207
Urocit-K,4603.5599999999995,33,139.50181818181818
Vimizim,12228686.760000002,124,98618.44161290323
Xelstrym,29236.440000000002,60,487.27400000000006
Zosyn,199684.99000000002,802,248.98377805486288
Doxy 100,72966.04000000001,312,233.86551282051283
Easy Glide Insulin Syringe,7317.94,73,100.24575342465752
Marplan,87347.09,152,574.6519078947368
Natesto,123752.27000000002,181,683.7141988950277
Opsynvi,13312185.290000003,1033,12886.917028073574
Oxacillin Sodium,591971.15,973,608.3978931140801
Pulmicort,115898.38,183,633.3244808743169
Vincristine Sulfate,1254.69,85,14.761058823529412
Azesco,179126.45,69,2596.035507246377
Aztreonam,492532.33,803,613.365292652553
Detrol La,87694.96,173,506.90728323699426
Dextrose In Lactated Ringers,42429.92,921,46.06940282301846
Epivir,41540.86,113,367.6182300884956
Fabhalta,11480568.719999999,255,45021.83811764706
Gentamicin Sulfate In Ns,8257.17,417,19.80136690647482
Klor-Con-Ef,26091.9,433,60.25842956120093
Lumryz,7502879.539999999,524,14318.47240458015
Mimvey,19580.719999999998,239,81.92769874476987
Pamidronate Disodium,3982.93,107,37.223644859813085
Parnate,230131.69000000003,110,2092.106272727273
Penicillin G Potassium,149458.32,620,241.0618064516129
Prochlorperazine,18403.47,210,87.63557142857144
Syeda,6512.63,289,22.535051903114187
Symlinpen 120,320333.75,173,1851.6401734104047
Tecvayli,398902.33999999997,28,14246.512142857142
Tri-Mili,8944.929999999998,609,14.68789819376026
Ultra Flo Pen Needle,9045.829999999998,319,28.356833855799366
Viltepso,1636264.43,17,96250.8488235294
Zenatane,40483.46,268,151.05768656716418
Alimta,277041.32999999996,47,5894.496382978722
Aranelle,4342.21,140,31.015785714285716
Azurette,1651.37,73,22.621506849315068
Bavencio,728443.5599999999,71,10259.768450704225
Bd Insulin Syringe Ult-Fine Ii,3046.3,135,22.565185185185186
Berinert,26371125.44,304,86747.12315789475
Cobenfy,353406.17,256,1380.4928515625
Coreg,37488.8,36,1041.3555555555556
Cotellic,2875136.96,604,4760.160529801325
Cytarabine,325.31,24,13.554583333333333
Eprontia,360253.8199999999,579,622.2000345423141
Eraxis,94770.9,142,667.4007042253521
Ferriprox,1976171.1099999999,143,13819.37839160839
Hailey 24 Fe,8611.22,310,27.77812903225806
Inspra,14756.96,23,641.6069565217391
Levofloxacin-D5w,31415.550000000007,1011,31.073738872403567
Maxalt,317711.33999999997,384,827.3732812499999
Nexavar,1151087.0999999999,86,13384.733720930231
Nitazoxanide,255919.72,154,1661.8163636363636
Phentermine Hcl,2190.7000000000003,378,5.795502645502646
Phesgo,1591848.61,185,8604.587081081081
Reclast,22398.0,18,1244.3333333333333
Sporanox,51898.030000000006,33,1572.6675757575758
Talicia,299660.88,387,774.317519379845
Vectibix,1415310.84,115,12307.050782608696
Canasa,455379.85,399,1141.3028822055137
Celontin,94422.38,259,364.56517374517375
Dyrenium,72821.18000000001,80,910.26475
Hydrea,4253.85,62,68.61048387096774
Junel Fe 24,6740.039999999999,185,36.432648648648644
Omnipod Classic Pods (Gen 3),93015.65,135,689.0048148148147
Rena-Vite Rx,9426.43,508,18.555964566929134
Tlando,196782.37999999998,255,771.6956078431372
Bd Insulin Syringe Ultra-Fine,306.48,12,25.540000000000003
Carafate,97202.5,335,290.15671641791045
Casodex,37183.92,12,3098.66
Elestrin,4352.33,23,189.2317391304348
Insulin Degludec,86133.93000000001,587,146.7358262350937
Insulin Syringe U-500,20263.829999999994,461,43.95624728850324
Migergot,1271135.3199999998,344,3695.160813953488
Noritate,127427.48000000001,71,1794.7532394366199
Sutent,1149857.13,88,13066.558295454544
Uroxatral,251711.34,296,850.3761486486486
1st Tier Unifine Pentips Plus,2323.0299999999997,95,24.45294736842105
Agamree,213180.0,11,19380.0
Bafiertam,4202727.7700000005,559,7518.296547406083
Bijuva,75172.68,274,274.35284671532844
Clarithromycin Er,107430.95999999999,761,141.1707752956636
Clindamycin Phosphate-D5w,14084.670000000002,117,120.38179487179488
Cutaquig,3580553.910000001,570,6281.673526315792
Ergomar,87323.81,49,1782.1185714285714
Exondys-51,25643033.869999997,410,62543.98504878048
Fragmin,434280.84,140,3102.0060000000003
Kimyrsa,134685.03,26,5180.193461538462
Myalept,7423683.46,44,168720.07863636364
Nora-Be,2747.2800000000007,185,14.850162162162166
Orphenadrine-Aspirin-Caffeine,758371.9400000002,491,1544.5457026476581
Rifadin,19323.25,51,378.8872549019608
Tiazac,7685.039999999999,77,99.80571428571427
True Comfort Alcohol Pads,25462.079999999994,548,46.46364963503649
Yuflyma(Cf) (2 Pack),1011216.1400000001,122,8288.656885245902
Zelapar,553606.96,74,7481.175135135135
Depo-Testosterone,996.96,24,41.54
Dextrose 10%-0.45% Nacl,5123.539999999999,73,70.18547945205478
Gvoke,107399.21999999999,270,397.7748888888888
Livtencity,13252253.340000002,551,24051.27647912886
Plenamine,35114.0,317,110.76971608832808
Safetyglide Syringe,278.2,71,3.9183098591549292
Tyenne,430675.0200000001,196,2197.321530612245
Vijoice,3265412.5000000005,99,32983.96464646465
Arazlo,17520.69,35,500.5911428571428
Cabtreo,48826.97,55,887.7630909090909
Calcium Gluconate,41966.43000000001,521,80.54976967370443
Denavir,79193.54000000001,89,889.8150561797754
Dexrazoxane,7941.3,12,661.775
Gammagard S-D,7879181.66,651,12103.197634408602
Hyoscyamine Sulfate Er,761.8299999999999,24,31.742916666666662
Izervay,3204256.4,1094,2928.9363802559415
Natroba,11896.119999999999,45,264.3582222222222
Proparacaine Hcl,7746.45,309,25.069417475728155
Tascenso Odt,1068262.24,93,11486.690752688171
Winlevi,139030.17,244,569.7957786885246
Easy Comfort Safety Pen Needle,3783.6899999999996,23,164.5082608695652
Elelyso,2244457.66,53,42348.25773584906
Juxtapid,3497681.81,60,58294.696833333335
Kisqali Femara Co-Pack,6284867.3999999985,430,14615.970697674415
Migranal,628365.21,164,3831.495182926829
Myobloc,198420.13000000003,295,672.6106101694917
Omvoh Pen,768987.48,76,10118.256315789473
Potassium Chloride-0.9% Nacl,47947.42000000001,614,78.09026058631923
Vanflyta,1903674.19,94,20251.85308510638
Vasotec,361783.35000000003,246,1470.664024390244
Aminocaproic Acid,328260.7400000001,338,971.1856213017754
Bidil,42296.37000000001,105,402.8225714285715
Caduet,6313.15,12,526.0958333333333
Epitol,5958.41,136,43.81183823529412
Ilumya,3160224.9400000004,191,16545.680314136127
Insulin Aspart Penfill,11735.44,66,177.80969696969697
Lopressor,26132.76,116,225.28241379310344
Potassium Phosphate,10998.34,82,134.1260975609756
Streptomycin Sulfate,597116.66,279,2140.203082437276
Taztia Xt,860.74,57,15.100701754385964
Vitamin B-1,2101.92,186,11.300645161290323
Astagraf Xl,197163.06,249,791.8195180722892
Bactrim Ds,4526.76,39,116.07076923076923
Zipsor,275443.97000000003,188,1465.1275
Arthrotec 75,59803.57,126,474.63150793650794
Betamethasone Sod Phos-Acetate,6526.280000000001,152,42.93605263157895
Cinvanti,184506.30999999997,346,533.2552312138728
Esgic,4802.24,23,208.79304347826087
Hailey,8364.14,415,20.154554216867467
Lite Touch,2653.59,128,20.731171875
Lyrica Cr,72977.8,71,1027.8563380281691
Onglyza,163538.96000000002,364,449.2828571428572
Oscimin Sl,504.0,12,42.0
Pentacel,46498.780000000006,422,110.18668246445499
Rydapt,9775745.57,464,21068.41717672414
Tolcapone,110551.0,55,2010.0181818181818
Tybost,116815.16,313,373.2113738019169
Tygacil,55689.06999999999,42,1325.9302380952379
Unasyn,19540.75,124,157.5866935483871
Wera,3364.6899999999996,160,21.029312499999996
Aldurazyme,5785194.14,134,43173.090597014925
Bensal Hp,48785.81,18,2710.3227777777774
Dobutamine Hcl,8128.2300000000005,89,91.32842696629214
Droplet Micron Pen Needle,46490.619999999995,661,70.33376701966716
Flurandrenolide,11725.33,59,198.73440677966101
Harvoni,4619064.18,153,30189.961960784312
Kcl-D5w-0.45% Nacl,26303.590000000004,601,43.76637271214643
Oralone,313.58,14,22.398571428571426
Oxistat,55614.14,61,911.707213114754
Pertzye,2834592.3400000003,711,3986.7684106891707
Restoril,185825.87,152,1222.5386184210527
Vesicare Ls,9587.93,24,399.49708333333336
Cosopt,19129.27,70,273.2752857142857
Enbrace Hr,21879.86,140,156.2847142857143
Kelnor 1-50,5986.240000000001,224,26.724285714285717
Zavesca,1123975.55,51,22038.736274509803
Contrave,142088.2,220,645.8554545454546
Ethynodiol-Ethinyl Estradiol,4171.19,208,20.053798076923076
Istalol,114676.0,274,418.5255474452555
Lodoco,198299.16,264,751.1331818181818
Neomycin-Polymyxin B,2000.6699999999998,166,12.05222891566265
Niacin,130799.05,265,493.581320754717
Pregnyl,58298.44,146,399.3043835616439
Ribavirin,29892.29,231,129.4038528138528
Sandimmune,49538.31,179,276.75033519553074
Symdeko,9508301.320000002,377,25220.95840848807
Zegerid,707916.1299999999,171,4139.860409356725
Adcetris,1213368.35,39,31112.008974358978
Cardura,18325.02,62,295.5648387096774
Cefoxitin,155201.93,703,220.77088193456615
Dificid,2590077.61,463,5594.120107991361
Dolobid,37354.78,14,2668.1985714285715
Dymista,48172.93000000001,211,228.30772511848346
Methoxsalen,150880.27000000002,130,1160.6174615384616
Pediarix,4348.55,41,106.06219512195122
Tenormin,182238.72000000003,299,609.4940468227426
Venclexta Starting Pack,117092.58,36,3252.5716666666667
Atorvaliq,230536.23999999996,666,346.15051051051046
Camila,1209.4899999999998,98,12.341734693877548
Leqembi,418710.51000000007,323,1296.3173684210528
Mesnex,70510.32,73,965.8947945205481
Naftin,236804.64999999997,452,523.904092920354
Pamelor,264196.3900000001,77,3431.121948051949
Pennsaid,695611.22,246,2827.687886178862
Tamiflu,15388.4,146,105.39999999999999
Tiopronin,509453.70999999996,101,5044.096138613861
Acetaminophen,70718.20999999999,418,169.18232057416267
Cystadrops,1780834.68,193,9227.122694300519
Epaned,14708.4,12,1225.7
Lotensin Hct,836.06,11,76.00545454545454
Polymyxin B Sulfate,4919.339999999999,68,72.34323529411763
Thyquidity,36174.340000000004,179,202.09128491620115
Treximet,161602.90000000002,136,1188.256617647059
Trilipix,11985.420000000002,46,260.5526086956522
Verelan Pm,7872.68,38,207.1757894736842
Adthyza,8057.1,196,41.10765306122449
Apidra,32714.239999999998,208,157.28
Atacand Hct,36668.75,141,260.06205673758865
Dhivy,432030.8699999999,732,590.2061065573769
Dilantin-125,43329.84000000001,145,298.8264827586208
Empliciti,1439002.02,170,8464.717764705882
Halcinonide,917963.1099999998,825,1112.6825575757573
Livdelzi,2284783.59,177,12908.38186440678
Monoject Insulin Safety Syrng,10495.16,388,27.04938144329897
Nemluvio,928470.85,138,6728.049637681159
Salagen,6774.95,49,138.2642857142857
Elaprase,6001745.18,98,61242.29775510204
Emtriva,44654.27,90,496.1585555555555
Fluconazole-Nacl,16191.269999999999,361,44.85116343490304
Glucotrol Xl,1149.0,48,23.9375
Imovax Rabies Vaccine,79446.52,216,367.80796296296296
Klisyri,626128.5099999999,494,1267.4666194331983
Minocin,384242.08,69,5568.72579710145
Perforomist,108719.55,176,617.724715909091
Sodium Citrate-Citric Acid,6715.6,305,22.018360655737705
Tri-Lo-Marzia,5595.449999999999,418,13.386244019138754
Trudhesa,621481.12,140,4439.150857142857
Grastek,81357.04,204,398.8090196078431
Onexton,7112.38,11,646.58
Zovia 1-35,2850.8699999999994,174,16.384310344827583
Carnitor Sf,2463.4,35,70.38285714285715
Femara,159195.13,206,772.7918932038835
Gauze Pad,271.53000000000003,50,5.430600000000001
Iqirvo,1187809.39,97,12245.45762886598
Orphengesic Forte,197534.02000000002,84,2351.5954761904763
Qbrelis,534688.4099999999,291,1837.417216494845
Qnasl Children,15999.650000000001,47,340.418085106383
Ryclora,14940.42,25,597.6168
Juleber,2035.25,147,13.845238095238095
Nalocet,152925.88,91,1680.504175824176
Natacyn,52756.1,64,824.3140625
Pentamidine Isethionate,1803.24,12,150.27
Trimethobenzamide Hcl,1318.85,12,109.90416666666665
Clobetasol Emulsion,29345.660000000003,103,284.90932038834956
Evoxac,114696.50000000001,166,690.9427710843374
Sular,13063.77,11,1187.6154545454547
Bimzelx,1210079.25,77,15715.314935064935
Delestrogen,2477.94,12,206.495
Easy Glide Pen Needle,5848.32,76,76.95157894736842
Fenoprofen Calcium,6176.129999999999,24,257.33874999999995
Maxidex,3516.73,39,90.17256410256411
Plerixafor,334188.16000000003,97,3445.238762886598
Prodigy Insulin Syringe,545.6,54,10.103703703703705
Sf,5520.78,299,18.464147157190634
Tolmetin Sodium,1923578.56,1020,1885.8613333333333
True Comfort Pro Pen Needle,2303.36,46,50.07304347826087
Enilloring,8896.91,111,80.15234234234234
Larin 24 Fe,6445.030000000001,254,25.37413385826772
Luliconazole,10550.18,59,178.81661016949153
Safyral,3058.12,15,203.87466666666666
Vancomycin,3683.2200000000003,90,40.92466666666667
Adalimumab-Adaz(Cf),51857.66,39,1329.68358974359
Aldactone,6074.36,49,123.9665306122449
Alymsys,1588884.6400000001,248,6406.792903225807
Easy Touch Insulin Safety,919.0,40,22.975
Simpesse,1549.49,14,110.67785714285715
Treanda,455006.06,76,5986.921842105263
Ztalmy,1224428.4100000001,64,19131.693906250002
Azelex,53668.100000000006,69,777.7985507246377
Dasatinib,1539065.2299999995,220,6995.751045454544
Gastrocrom,161820.88,66,2451.8315151515153
Prometrium,52178.87000000001,111,470.07990990991
Sajazir,1004296.35,64,15692.13046875
Seysara,114645.99000000002,108,1061.5369444444445
Voranigo,2890508.7800000003,74,39060.92945945946
Fioricet With Codeine,47620.0,49,971.8367346938776
Methadose,491.04,36,13.64
Pyrukynd,3472020.75,133,26105.419172932332
Unifine Ultra Pen Needle,8745.13,120,72.87608333333333
Winrevair (2 Pack),1147515.28,40,28687.882
Aubra Eq,688.42,63,10.927301587301587
Cortifoam,32340.0,59,548.1355932203389
Insulin Glargine Max Solostar,141412.37000000002,741,190.83990553306347
Iressa,700967.18,100,7009.6718
Airduo Respiclick,20289.75,52,390.1875
Aristada Initio,82452.56,35,2355.7874285714283
Dilaudid,42163.329999999994,83,507.9919277108433
Duopa,1780611.82,254,7010.282755905512
Magellan Insulin Safety Syrng,12921.2,420,30.764761904761908
Magnesium Sulfate-D5w,1253.99,40,31.34975
Metyrosine,2080491.3900000001,75,27739.8852
Mitomycin,85558.1,70,1222.2585714285715
Tri-Legest Fe,5854.97,152,38.51953947368421
Amrix,192641.40999999997,57,3379.6738596491223
Carbaglu,9276566.419999998,42,220870.629047619
Dolishale,1857.3400000000001,34,54.627647058823534
Vibativ,167285.63,37,4521.233243243243
Mibelas 24 Fe,2658.65,68,39.09779411764706
Sandostatin,117512.19,37,3176.0051351351353
Sharobel,1314.1399999999999,144,9.125972222222222
Targretin,1700570.4700000002,80,21257.130875000003
Vimovo,150040.11,62,2420.001774193548
Coartem,40724.06,145,280.85558620689653
Detrol,5563.08,11,505.73454545454547
Effient,110420.8,190,581.1621052631579
Fluoride,589.4399999999999,145,4.0651034482758615
Intralipid,174096.18000000005,335,519.690089552239
Lotronex,372429.2,90,4138.102222222223
Natazia,17681.02,71,249.02845070422535
Premasol,358049.39,32,11189.0434375
Primaquine,5103.34,92,55.47108695652174
Ryvent,153241.81,239,641.1791213389121
Velsipity,133106.25,23,5787.228260869565
Adalimumab-Fkjp(Cf),25812.519999999997,25,1032.5007999999998
Azulfidine,15252.48,76,200.69052631578947
Betapace,54843.78,43,1275.4367441860466
Clinimix,18900.45,83,227.71626506024097
Erythrocin Lactobionate,33389.41,21,1589.9719047619049
Freestyle Libre 3 Sensor,5432.42,32,169.763125
Pure Comfort Pen Needle,3485.6800000000003,28,124.48857142857143
Sulfacetamide-Prednisolone,4769.969999999999,224,21.294508928571425
Clarinex,15029.67,47,319.78021276595746
Lovenox,177324.33,170,1043.084294117647
Zumandimine,622.55,11,56.595454545454544
Adbry Autoinjector,317690.57999999996,86,3694.0765116279067
Briellyn,4917.63,172,28.590872093023258
Cipro Hc,10593.42,30,353.114
Ferriprox (3 Times A Day),466181.49,33,14126.711818181819
Mefenamic Acid,14438.75,50,288.775
Sotylize,25174.68,12,2097.89
Galantamine Hydrobromide,13155.779999999999,68,193.46735294117644
Metopirone,30870.36,15,2058.024
Sovaldi,323619.39,12,26968.2825
Ciloxan,183644.45,646,284.2793343653251
Eryped 400,31790.99,26,1222.7303846153848
Yaz,12259.119999999999,71,172.66366197183098
Clocortolone Pivalate,17565.92,64,274.4675
Deflazacort,381128.41,66,5774.672878787878
Hadlima,117561.17,112,1049.6533035714285
Kenalog-10,1442.74,61,23.651475409836067
Miconazole-Zinc Oxide-Petroltm,22190.98,57,389.3154385964912
Opfolda,20010.09,85,235.41282352941175
Pombiliti,3213339.6500000004,63,51005.391269841275
Vigamox,12768.05,40,319.20124999999996
Betapace Af,10199.9,13,784.6076923076923
Ganciclovir Sodium,20325.75,41,495.75
Nimodipine,176455.19,602,293.1149335548173
Recarbrio,443795.72,58,7651.650344827585
Vizimpro,954666.18,65,14687.172
Ambisome,223845.58,129,1735.2370542635658
Asceniv,2116991.95,41,51633.950000000004
Cinryze,22355000.92,218,102545.87577981652
Cosentyx,432282.23,109,3965.892018348624
Elfabrio,3330623.36,95,35059.1932631579
Faslodex,155825.58,84,1855.0664285714283
Travasol,12496.91,51,245.03745098039215
Augtyro,577723.8,29,19921.510344827588
Depo-Medrol,2187.6600000000003,76,28.785000000000004
Pnv-Omega,756.77,23,32.90304347826087
Ephedrine Sulfate,250.88,12,20.906666666666666
Herceptin Hylecta,112279.15,25,4491.166
Zydelig,1392784.8399999999,110,12661.680363636362
Halcion,14158.93,50,283.1786
Smoflipid,11844.89,165,71.78721212121212
Ziphex,135532.89,31,4372.02870967742
Rybrevant,956824.43,46,20800.531086956522
Vusion,6813.0,12,567.75
Arestin,1736514.6400000001,223,7787.061165919283
Pimtrea,1462.8199999999997,56,26.12178571428571
Zovirax,33862.81,79,428.643164556962
Cuvrior,839495.6500000001,49,17132.56428571429
Exjade,666769.17,48,13891.024375
Oriahnn,79714.77,70,1138.7824285714287
Prednisone Intensol,14997.43,70,214.249
Zarontin,6997.5599999999995,58,120.64758620689655
Amnesteem,8519.48,63,135.22984126984127
Depo-Subq Provera 104,2085.96,36,57.943333333333335
Nardil,13320.26,47,283.40978723404254
Rituxan Hycela,162432.16,25,6497.2864
Taytulla,3323.06,13,255.62
Infanrix Dtap,6391.960000000001,159,40.20100628930818
Maxicomfort Ii Pen Needle,889.9699999999999,52,17.11480769230769
Ocella,727.26,39,18.647692307692306
Prenate Mini,4043.6,22,183.79999999999998
Prenate Pixie,2021.8,11,183.79999999999998
Cuprimine,333817.44,23,14513.801739130435
Lucemyra,846057.9700000002,197,4294.710507614214
Nilandron,19178.7,12,1598.2250000000001
Inderal Xl,48901.82,23,2126.1660869565217
Jemperli,1566283.15,125,12530.2652
Levalbuterol Concentrate,8363.67,59,141.7571186440678
Temozolomide,3408.55,11,309.8681818181818
Drospirenone-Eth Estra-Levomef,2250.04,26,86.53999999999999
Quillivant Xr,52317.21,83,630.3278313253012
Reltone,197406.95,118,1672.9402542372882
Alprazolam Intensol,2921.3,11,265.57272727272726
Gemmily,890.23,14,63.587857142857146
Ogivri,619027.4800000001,191,3240.981570680629
Vabomere,159820.56,80,1997.757
Assure Id Pen Needle,5308.2699999999995,94,56.470957446808505
Bismuth-Metronidazole-Tetracyc,54453.03,84,648.2503571428572
Fleqsuvy,52656.32000000001,36,1462.6755555555558
Onivyde,475888.18000000005,26,18303.39153846154
Soolantra,101054.34,143,706.6737062937062
Xanax Xr,49412.32,103,479.73126213592235
Aklief,32021.42,47,681.3068085106382
Cablivi,6138424.68,25,245536.98719999997
Protonix Iv,25926.7,260,99.71807692307692
Chorionic Gonadotropin,105752.16,124,852.84
Desferal Mesylate,18866.96,12,1572.2466666666667
Mini Pen Needle,2440.28,46,53.04956521739131
Quinapril Hcl,33.77,11,3.0700000000000003
Reglan,8283.119999999999,24,345.12999999999994
1st Tier Unifine Pentips,590.4,26,22.707692307692305
Codeine-Guaifenesin,444.37,88,5.049659090909091
Igalmi,254967.48,78,3268.8138461538465
Macrobid,2879.23,23,125.18391304347826
Ragwitek,8036.27,23,349.4030434782609
Diphtheria-Tetanus Toxoids-Ped,1150.0,23,50.0
Tolsura,92596.07999999999,29,3192.9682758620684
Cipro,11173.789999999999,53,210.8262264150943
Frova,51163.06,12,4263.588333333333
Miglustat,3643920.12,184,19803.913695652176
Panretin,205530.1,35,5872.288571428571
Pure Comfort Safety Pen Needle,17125.94,124,138.1124193548387
Chateal Eq,732.72,47,15.589787234042554
Voydeya,57798.6,14,4128.471428571428
Altreno,2679.71,36,74.43638888888889
Atelvia,28811.46,112,257.24517857142854
Tricor,2116.43,66,32.06712121212121
Carospir,50231.68000000001,48,1046.4933333333336
Clindagel,19804.81,13,1523.4469230769232
Fuzeon,209088.56,61,3427.68131147541
Proair Digihaler,2476.1099999999997,28,88.43249999999999
Veletri,322285.49,143,2253.7446853146853
Insupen,1293.52,38,34.04
Matulane,39361.21,31,1269.7164516129033
Lopid,909.12,12,75.76
Nabi-Hb,9171.63,13,705.51
Tenoretic 50,3988.05,11,362.55
Basaglar Tempo Pen U-100,14145.27,80,176.815875
Diskets,369.74,69,5.358550724637682
Motpoly Xr,81428.65,83,981.0680722891566
Acular Ls,6062.57,23,263.59
Gamastan,126732.33,276,459.17510869565217
L-Glutamine,158448.89999999997,59,2685.574576271186
Monoject,156.88,12,13.073333333333332
Tivdak,678375.5800000001,25,27135.023200000003
Caprelsa,2099880.6700000004,132,15908.186893939397
Captopril-Hydrochlorothiazide,323.0,25,12.92
Levetiracetam-Nacl,45731.56,94,486.5059574468085
Medrol,99.75,11,9.068181818181818
Simlandi(Cf) Autoinjector,80223.73,67,1197.369104477612
Veklury,14300.35,15,953.3566666666667
Bendamustine Hcl,546304.07,71,7694.42352112676
Monjuvi,308376.33,47,6561.198510638298
Norpace,3105.06,12,258.755
Nuvaring,6431.84,36,178.66222222222223
Syprine,1028969.99,47,21892.9785106383
Miacalcin,328870.5,15,21924.7
Sure Comfort Safety Pen Needle,1634.31,26,62.85807692307692
Rhofade,25930.59,41,632.4534146341464
Zilxi,56084.350000000006,124,452.2931451612904
Vyondys-53,2955187.2,26,113661.04615384617
Brovana,92397.79,261,354.0145210727969
Insumed,321.49,12,26.790833333333335
Molindone Hcl,349806.97000000003,432,809.7383564814816
Plasma-Lyte A Ph 7.4,10459.25,96,108.95052083333333
Ultracare Insulin Syringe,991.44,37,26.795675675675678
Vancomycin Hcl-D5w,1755.1399999999999,58,30.261034482758618
Vosevi,1715826.65,71,24166.572535211268
Adalimumab-Fkjp(Cf) Pen,47323.89,47,1006.8912765957447
Emverm,152372.59000000003,49,3109.6446938775516
Esomeprazole Sodium,16446.21,103,159.67194174757282
Pramosone,8909.3,25,356.37199999999996
Praziquantel,275568.71,56,4920.869821428571
Retin-A Micro Pump,30484.58,35,870.988
Clindacin P,10297.99,42,245.1902380952381
Clinimix E,41709.700000000004,128,325.85703125000003
Cystagon,22909.839999999997,58,394.9972413793103
Eohilia,66473.23999999999,35,1899.2354285714282
Cuvposa,31038.649999999998,70,443.40928571428566
Doxorubicin Hcl Liposome,15884.54,11,1444.049090909091
Carefine Pen Needle,612.71,23,26.639565217391304
Multivitamin With Fluoride,711.7399999999999,88,8.087954545454544
Taclonex,108609.18,45,2413.537333333333
Amondys-45,14055010.91,184,76385.92885869565
Cerebyx,37147.94,52,714.3834615384616
Delzicol,10579.699999999999,23,459.9869565217391
Dodex,40.32,12,3.36
Joyeaux,1100.25,11,100.02272727272727
Clindacin,21735.03,67,324.40343283582087
Emend,8094.73,12,674.5608333333333
Tadliq,85809.79000000001,37,2319.183513513514
Texacort,3110.64,11,282.7854545454545
Zegalogue Autoinjector,9066.16,15,604.4106666666667
Actoplus Met,6535.54,11,594.14
Bylvay,2388169.62,25,95526.78480000001
Mycamine,12348.16,11,1122.56
Signifor,1176338.06,60,19605.634333333335
Phenytoin Sodium,336.02,13,25.847692307692306
Tri-Vylibra,250.56,38,6.593684210526316
Albuked-25,32506.85,57,570.2956140350877
Humira(Cf) Pen Psor-Uv-Adol Hs,272804.53,21,12990.691904761907
Levulan,27688.329999999998,57,485.76017543859643
Lidoderm,113297.12,92,1231.4904347826086
Quzyttir,459924.61,185,2486.0789729729727
Tigan,34577.25,32,1080.5390625
Verkazia,63570.55,36,1765.8486111111113
Joenja,2848995.48,59,48288.05898305085
Treprostinil,942762.9999999999,115,8197.939130434781
Lupron Depot-Ped,159851.65,47,3401.0989361702127
Miconazole 3,911.11,27,33.744814814814816
Procardia Xl,9235.53,29,318.46655172413796
Viagra,29138.91,90,323.7656666666667
Ziextenzo,480974.80000000005,101,4762.126732673268
Setlakin,466.64,17,27.449411764705882
Tri-Vylibra Lo,232.5,24,9.6875
Xenpozyme,4703938.45,42,111998.53452380953
Arixtra,136004.48,34,4000.1317647058827
Finzala,1041.87,13,80.14384615384614
Targadox,5115.45,11,465.04090909090905
Tilia Fe,1111.7,24,46.32083333333333
Cholbam,5178968.01,63,82205.84142857142
Isordil,20987.04,12,1748.92
Mepsevii,901094.52,12,75091.21
Pepcid,66981.69,59,1135.2828813559322
Jasmiel,742.55,26,28.559615384615384
Levoleucovorin Calcium,9406.5,34,276.6617647058824
Rimso-50,34876.91,51,683.8609803921569
Azathioprine Sodium,56034.6,91,615.7648351648352
Cimerli,129622.07,91,1424.4183516483517
Kcl-D5w-0.9% Nacl,8266.480000000001,160,51.66550000000001
Pip Pen Needle,784.0500000000001,53,14.793396226415096
Sulfamylon,6271.03,59,106.28864406779661
Cleocin Phosphate,471.74,13,36.28769230769231
Evekeo,16148.18,12,1345.6816666666666
Sensipar,56857.16,35,1624.4902857142858
Oxycodone Hcl Er,69218.03,126,549.3494444444444
Ticovac,15482.789999999999,54,286.7183333333333
Vitafol Gummies,539.66,11,49.059999999999995
Accutane,6421.129999999999,49,131.0434693877551
Ethacrynate Sodium,182217.6,12,15184.800000000001
Lomotil,13835.980000000001,64,216.18718750000002
Remifentanil Hcl,812.09,13,62.46846153846154
Renal Caps,325.08,12,27.09
Mifepristone,1356074.09,43,31536.606744186047
Adalimumab-Adbm(Cf)pen,87605.32,58,1510.436551724138
Ala-Cort,111.39,16,6.961875
Colestid,6070.110000000001,27,224.81888888888892
Taltz Autoinjector (3 Pack),314977.87,16,19686.116875
Methyltestosterone,18460.75,11,1678.25
Clindamycin Phos-Tretinoin,10255.25,24,427.3020833333333
Auvi-Q,39773.37,13,3059.4900000000002
Oracit,3632.37,39,93.1376923076923
Tivicay Pd,18655.84,14,1332.56
Cytotec,26377.83,14,1884.1307142857145
Dantrium,1467.62,14,104.83
Turalio,430221.68000000005,40,10755.542000000001
Vfend Iv,36002.86,11,3272.9872727272727
Romidepsin,142589.25,15,9505.95
Clindamycin-0.9% Nacl,8735.19,27,323.52555555555557
Diflucan,20538.69,22,933.5768181818181
Jesduvroq,9379.24,13,721.48
Akeega,928258.95,52,17851.133653846155
Arthrotec 50,11641.13,35,332.60371428571426
Fylnetra,163407.58,56,2917.9925
Livmarli,3603414.3600000003,24,150142.265
Caldolor,6022.19,43,140.05093023255813
Colcrys,2229.59,11,202.69000000000003
Fosphenytoin Sodium,9195.88,42,218.94952380952378
Pheburane,487856.25,15,32523.75
Vegzelma,202314.59,32,6322.3309375
Methitest,339911.31,56,6069.844821428572
Ery-Tab,6316.51,30,210.55033333333333
Yasmin 28,6337.530000000001,45,140.834
Akten,300.43,16,18.776875
Capecitabine,420.38,12,35.031666666666666
Cyclomydril,2605.95,12,217.1625
Sulfadiazine,101142.75,60,1685.7125
Xatmep,14070.04,30,469.0013333333334
Charlotte 24 Fe,112.53,12,9.3775
Tabloid,157113.49,26,6042.826538461538
B-D Single Use Alcohol Swab,710.13,255,2.7848235294117645
Betadine,406.78999999999996,25,16.2716
Kenalog-40,1031.32,34,30.332941176470587
Lyumjev Tempo Pen U-100,13572.26,13,1044.02
Tetracaine Hcl,300.0,30,10.0
Vylibra,390.84999999999997,27,14.475925925925925
Amphotericin B,1249.5,17,73.5
Humira(Cf) Pen Crohn's-Uc-Hs,196233.21,11,17839.382727272725
Fareston,14060.97,33,426.09
Fentora,491710.73,14,35122.195
Kenalog-80,7593.57,192,39.54984375
Lofexidine Hcl,205390.84,79,2599.8840506329116
Albumin (Human),9852.97,21,469.1890476190476
Prevident 5000 Ortho Defense,202.5,11,18.40909090909091
Bendeka,102316.39,11,9301.49
Rocaltrol,2339.73,11,212.7027272727273
Acyclovir Sodium,2253.41,27,83.45962962962962
Albutein,1999.76,15,133.31733333333332
Recombivax Hb,3712.8099999999995,50,74.25619999999999
Chemet,13295.76,12,1107.98
Colazal,26593.35,15,1772.8899999999999
Sure Comfort Insulin Syringe,622.16,25,24.8864
Taron-C Dha,280.44,12,23.37
Tovet Emollient,18256.940000000002,46,396.89000000000004
Epsolay,39430.83,77,512.0887012987013
Mesna,3211.69,58,55.37396551724138
Caretouch Alcohol Prep Pad,28.17,25,1.1268
Dermotic,567.54,24,23.647499999999997
Wescap-Pn Dha,1205.1,23,52.39565217391304
Band-Aid Gauze Pads,205.79,32,6.4309375
Sorilux,116269.84,71,1637.60338028169
Zepbound,13886.95,14,991.9250000000001
Promethazine Vc,375.37,16,23.460625
Vyfemla,835.13,24,34.79708333333333
Azasan,11884.150000000001,25,475.36600000000004
Epifoam,1363.49,14,97.39214285714286
Xylocaine,101.0,12,8.416666666666666
Cequr Simplicity Inserter,1567.1,110,14.246363636363636
Polivy,143757.74,14,10268.41
Sky Safety Pen Needle,872.16,12,72.67999999999999
Qalsody,551231.24,35,15749.464
Vanishpoint,1336.88,29,46.09931034482759
Adzynma,928451.69,26,35709.680384615385
Dexamethasone Intensol,1269.25,12,105.77083333333333
Eulexin,67790.76,12,5649.23
Urogesic-Blue,1667.27,11,151.57
Vistaril,115.85,11,10.531818181818181
Meclofenamate Sodium,29273.54,43,680.78
Hetlioz Lq,998095.47,43,23211.522558139535
Proglycem,41906.53,11,3809.6845454545455
Roweepra,212.94,13,16.38
Phenobarbital Sodium,37947.47,11,3449.77
Synarel,64573.33,19,3398.596315789474
Abilify Mycite,42362.02,25,1694.4807999999998
Potassium Acetate,683.99,21,32.570952380952384
Curity Alcohol Preps,98.55000000000001,28,3.5196428571428577
Norelgestromin-Eth Estradiol,2401.4300000000003,23,104.41000000000001
Nesina,4315.200000000001,23,187.61739130434785
Vestura,404.41,11,36.764545454545456
Neo-Synalar,137063.65,143,958.4870629370629
Bryhali,13606.44,12,1133.8700000000001
Oralair,7711.77,12,642.6475
Silvadene,565.44,12,47.120000000000005
Xerese,31193.52,12,2599.46
Uro-Mp,2722.72,11,247.51999999999998
Daurismo,230869.37,13,17759.182307692306
Niacor,2191.2,11,199.2
Verifine Plus Pen Needle,686.42,14,49.029999999999994
Ziagen,6875.88,12,572.99
Salicylic Acid,65308.98,23,2839.5208695652177
Elite-Ob,266.16,12,22.180000000000003
Baxdela,64476.09,22,2930.7313636363633
Phexxi,4085.47,11,371.4063636363636
Fml,5560.84,36,154.46777777777777
Hyrimoz(Cf),74511.58,11,6773.78
Zyvox,2582.19,11,234.74454545454546
E.E.S. 200,12841.52,32,401.2975
Hulio(Cf),74814.12,12,6234.509999999999
Relexxii,5726.13,16,357.883125
Activella,3526.38,13,271.26
Coly-Mycin M Parenteral,26970.68,22,1225.94
Imjudo,516885.27,13,39760.405384615384
Acuvail,13574.85,30,452.495
Osmolex Er,11307.55,11,1027.959090909091
Virt-C Dha,1125.29,19,59.22578947368421
Complete Natal Dha,212.16,12,17.68
Droperidol,161.44,22,7.338181818181818
E.E.S. 400,5963.69,14,425.9778571428571
Flexbumin,29694.33,18,1649.6850000000002
Orfadin,182306.75,25,7292.27
Clickfine,290.02,14,20.715714285714284
Exservan,41212.44,13,3170.1876923076925
Briumvi,489779.87,20,24488.9935
Necon,361.01,13,27.77
Westgel Dha,1241.72,12,103.47666666666667
Enalaprilat,7483.07,29,258.0368965517241
Olpruva,488168.66,11,44378.969090909086
Penicillin G Sodium,10617.51,11,965.2281818181818
Mirena,12461.26,11,1132.841818181818
Tarina 24 Fe,458.67,13,35.2823076923077
Nextstellis,5162.8,24,215.11666666666667
Emcyt,5371.84,14,383.70285714285717
Rezzayo,27633.49,13,2125.653076923077
Cancidas,21914.09,24,913.0870833333333
Children's Multivitamin,195.04,13,15.003076923076922
Balcoltra,3644.38,14,260.3128571428571
Niva-Plus,269.04,12,22.42
Excilon,80.83,14,5.773571428571429
Symbyax,2639.26,13,203.02
Symfi Lo,20682.53,11,1880.2299999999998
Zomacton,6481.84,12,540.1533333333333
Blisovi 24 Fe,585.29,26,22.511153846153846
Relenza,1628.37,22,74.01681818181818
Vaseretic,4300.95,11,390.99545454545455
Regonol,41628.48,11,3784.407272727273
Tricitrates,5037.67,33,152.65666666666667
Austedo Xr Titration Kt(Wk1-4),130817.0,18,7267.611111111111
Ermeza,1401.08,12,116.75666666666666
Thrivite Rx,243.43,14,17.387857142857143
Nitisinone,296011.09,14,21143.649285714288
